image_path,class_name,dataset
datasets\raw\plantdoc_classification\train\Tomato_leaf_bacterial_spot\train_Tomato leaf bacterial spot_85.jpg,Tomato_leaf_bacterial_spot,plantdoc_classification
datasets\raw\plantdoc_classification\train\Tomato_leaf\train_Tomato leaf_15.jpg,Tomato_leaf,plantdoc_classification
datasets\raw\plantdoc_classification\train\Tomato_leaf_yellow_virus\train_Tomato leaf yellow virus_45.jpg,Tomato_leaf_yellow_virus,plantdoc_classification
datasets\raw\plantdoc_classification\train\Apple_leaf\train_Apple leaf_26.jpg,Apple_leaf,plantdoc_classification
datasets\raw\plantdoc_classification\train\Corn_leaf_blight\train_Corn leaf blight_21.jpg,Corn_leaf_blight,plantdoc_classification
datasets\raw\plantdoc_classification\train\Peach_leaf\train_Peach leaf_16.jpg,Peach_leaf,plantdoc_classification
datasets\raw\plantdoc_classification\train\Potato_leaf_late_blight\train_Potato leaf late blight_48_6.jpg,Potato_leaf_late_blight,plantdoc_classification
datasets\raw\plantdoc_classification\train\Corn_leaf_blight\train_Corn leaf blight_147.jpg,Corn_leaf_blight,plantdoc_classification
datasets\raw\plantdoc_classification\train\Tomato_Septoria_leaf_spot\train_Tomato Septoria leaf spot_50.jpg,Tomato_Septoria_leaf_spot,plantdoc_classification
datasets\raw\plantdoc_classification\train\Squash_Powdery_mildew_leaf\train_Squash Powdery mildew leaf_12.jpg,Squash_Powdery_mildew_leaf,plantdoc_classification
datasets\raw\plantdoc_classification\train\Corn_Gray_leaf_spot\train_Corn Gray leaf spot_13.jpg,Corn_Gray_leaf_spot,plantdoc_classification
datasets\raw\plantdoc_classification\train\Apple_rust_leaf\train_Apple rust leaf_55_2.jpg,Apple_rust_leaf,plantdoc_classification
datasets\raw\plantdoc_classification\train\Apple_rust_leaf\train_Apple rust leaf_21.jpg,Apple_rust_leaf,plantdoc_classification
datasets\raw\plantdoc_classification\train\Cherry_leaf\train_Cherry leaf_44.jpg,Cherry_leaf,plantdoc_classification
datasets\raw\plantdoc_classification\train\Tomato_leaf_yellow_virus\train_Tomato leaf yellow virus_21_4.jpg,Tomato_leaf_yellow_virus,plantdoc_classification
datasets\raw\plantdoc_classification\train\Squash_Powdery_mildew_leaf\train_Squash Powdery mildew leaf_123.jpg,Squash_Powdery_mildew_leaf,plantdoc_classification
datasets\raw\plantdoc_classification\train\Tomato_leaf_yellow_virus\train_Tomato leaf yellow virus_23_3.jpg,Tomato_leaf_yellow_virus,plantdoc_classification
datasets\raw\plantdoc_classification\train\Bell_pepper_leaf_spot\train_Bell_pepper leaf spot_50.jpg,Bell_pepper_leaf_spot,plantdoc_classification
datasets\raw\plantdoc_classification\train\Potato_leaf_early_blight\train_Potato leaf early blight_102.jpg,Potato_leaf_early_blight,plantdoc_classification
datasets\raw\plantdoc_classification\train\Tomato_leaf_yellow_virus\train_Tomato leaf yellow virus_8_27.jpg,Tomato_leaf_yellow_virus,plantdoc_classification
datasets\raw\plantdoc_classification\train\Raspberry_leaf\train_Raspberry leaf_76.jpg,Raspberry_leaf,plantdoc_classification
datasets\raw\plantdoc_classification\train\Squash_Powdery_mildew_leaf\train_Squash Powdery mildew leaf_4.jpg,Squash_Powdery_mildew_leaf,plantdoc_classification
datasets\raw\plantdoc_classification\train\Tomato_leaf_late_blight\train_Tomato leaf late blight_98.jpg,Tomato_leaf_late_blight,plantdoc_classification
datasets\raw\plantdoc_classification\train\Strawberry_leaf\train_Strawberry leaf_42.jpg,Strawberry_leaf,plantdoc_classification
datasets\raw\plantdoc_classification\train\Tomato_leaf_mosaic_virus\train_Tomato leaf mosaic virus_33.jpg,Tomato_leaf_mosaic_virus,plantdoc_classification
datasets\raw\plantdoc_classification\train\Corn_leaf_blight\train_Corn leaf blight_75.jpg,Corn_leaf_blight,plantdoc_classification
datasets\raw\plantdoc_classification\train\Tomato_leaf\train_Tomato leaf_37_2.jpg,Tomato_leaf,plantdoc_classification
datasets\raw\plantdoc_classification\train\Corn_rust_leaf\train_Corn rust leaf_88.jpg,Corn_rust_leaf,plantdoc_classification
datasets\raw\plantdoc_classification\train\Apple_leaf\train_Apple leaf_59.jpg,Apple_leaf,plantdoc_classification
datasets\raw\plantdoc_classification\train\Potato_leaf_late_blight\train_Potato leaf late blight_38_1.jpg,Potato_leaf_late_blight,plantdoc_classification
datasets\raw\plantdoc_classification\train\Corn_rust_leaf\train_Corn rust leaf_79.jpg,Corn_rust_leaf,plantdoc_classification
datasets\raw\plantdoc_classification\train\Soyabean_leaf\train_Soyabean leaf_54.jpg,Soyabean_leaf,plantdoc_classification
datasets\raw\plantdoc_classification\train\Apple_Scab_Leaf\train_Apple Scab Leaf_42.jpg,Apple_Scab_Leaf,plantdoc_classification
datasets\raw\plantdoc_classification\train\Potato_leaf_late_blight\train_Potato leaf late blight_84_2.jpg,Potato_leaf_late_blight,plantdoc_classification
datasets\raw\plantdoc_classification\train\Bell_pepper_leaf_spot\train_Bell_pepper leaf spot_25_1.jpg,Bell_pepper_leaf_spot,plantdoc_classification
datasets\raw\plantdoc_classification\train\Tomato_leaf_yellow_virus\train_Tomato leaf yellow virus_66_3.jpg,Tomato_leaf_yellow_virus,plantdoc_classification
datasets\raw\plantdoc_classification\train\Apple_rust_leaf\train_Apple rust leaf_27.jpg,Apple_rust_leaf,plantdoc_classification
datasets\raw\plantdoc_classification\train\Strawberry_leaf\train_Strawberry leaf_8.jpg,Strawberry_leaf,plantdoc_classification
datasets\raw\plantdoc_classification\train\Soyabean_leaf\train_Soyabean leaf_6.jpg,Soyabean_leaf,plantdoc_classification
datasets\raw\plantdoc_classification\train\Potato_leaf_early_blight\train_Potato leaf early blight_87.jpg,Potato_leaf_early_blight,plantdoc_classification
datasets\raw\plantdoc_classification\train\Strawberry_leaf\train_Strawberry leaf_29.jpg,Strawberry_leaf,plantdoc_classification
datasets\raw\plantdoc_classification\train\Corn_rust_leaf\train_Corn rust leaf_29.jpg,Corn_rust_leaf,plantdoc_classification
datasets\raw\plantdoc_classification\train\Apple_leaf\train_Apple leaf_68.jpg,Apple_leaf,plantdoc_classification
datasets\raw\plantdoc_classification\train\Tomato_leaf_late_blight\train_Tomato leaf late blight_53.jpg,Tomato_leaf_late_blight,plantdoc_classification
datasets\raw\plantdoc_classification\train\Strawberry_leaf\train_Strawberry leaf_5.jpg,Strawberry_leaf,plantdoc_classification
datasets\raw\plantdoc_classification\train\Apple_Scab_Leaf\train_Apple Scab Leaf_29.jpg,Apple_Scab_Leaf,plantdoc_classification
datasets\raw\plantdoc_classification\train\Tomato_leaf_yellow_virus\train_Tomato leaf yellow virus_69_3.jpg,Tomato_leaf_yellow_virus,plantdoc_classification
datasets\raw\plantdoc_classification\train\Squash_Powdery_mildew_leaf\train_Squash Powdery mildew leaf_34.jpg,Squash_Powdery_mildew_leaf,plantdoc_classification
datasets\raw\plantdoc_classification\train\Apple_Scab_Leaf\train_Apple Scab Leaf_15.jpg,Apple_Scab_Leaf,plantdoc_classification
datasets\raw\plantdoc_classification\train\Corn_leaf_blight\train_Corn leaf blight_55.jpg,Corn_leaf_blight,plantdoc_classification
datasets\raw\plantdoc_classification\train\Apple_Scab_Leaf\train_Apple Scab Leaf_23.jpg,Apple_Scab_Leaf,plantdoc_classification
datasets\raw\plantdoc_classification\train\Potato_leaf_early_blight\train_Potato leaf early blight_78_3.jpg,Potato_leaf_early_blight,plantdoc_classification
datasets\raw\plantdoc_classification\train\Tomato_Septoria_leaf_spot\train_Tomato Septoria leaf spot_41.jpg,Tomato_Septoria_leaf_spot,plantdoc_classification
datasets\raw\plantdoc_classification\train\grape_leaf\train_grape leaf_49_1.jpg,grape_leaf,plantdoc_classification
datasets\raw\plantdoc_classification\train\Apple_rust_leaf\train_Apple rust leaf_55_1.jpg,Apple_rust_leaf,plantdoc_classification
datasets\raw\plantdoc_classification\train\Corn_rust_leaf\train_Corn rust leaf_23.jpg,Corn_rust_leaf,plantdoc_classification
datasets\raw\plantdoc_classification\train\Raspberry_leaf\train_Raspberry leaf_103.jpg,Raspberry_leaf,plantdoc_classification
datasets\raw\plantdoc_classification\train\Raspberry_leaf\train_Raspberry leaf_9.jpg,Raspberry_leaf,plantdoc_classification
datasets\raw\plantdoc_classification\train\Corn_Gray_leaf_spot\train_Corn Gray leaf spot_1.jpg,Corn_Gray_leaf_spot,plantdoc_classification
datasets\raw\plantdoc_classification\train\Blueberry_leaf\train_Blueberry leaf_75.jpg,Blueberry_leaf,plantdoc_classification
datasets\raw\plantdoc_classification\train\Bell_pepper_leaf_spot\train_Bell_pepper leaf spot_14.jpg,Bell_pepper_leaf_spot,plantdoc_classification
datasets\raw\plantdoc_classification\train\Blueberry_leaf\train_Blueberry leaf_83.jpg,Blueberry_leaf,plantdoc_classification
datasets\raw\plantdoc_classification\train\Strawberry_leaf\train_Strawberry leaf_72.jpg,Strawberry_leaf,plantdoc_classification
datasets\raw\plantdoc_classification\train\Potato_leaf_early_blight\train_Potato leaf early blight_10.jpg,Potato_leaf_early_blight,plantdoc_classification
datasets\raw\plantdoc_classification\train\Corn_leaf_blight\train_Corn leaf blight_140.jpg,Corn_leaf_blight,plantdoc_classification
datasets\raw\plantdoc_classification\train\Potato_leaf_early_blight\train_Potato leaf early blight_62.jpg,Potato_leaf_early_blight,plantdoc_classification
datasets\raw\plantdoc_classification\train\Potato_leaf_late_blight\train_Potato leaf late blight_4.jpg,Potato_leaf_late_blight,plantdoc_classification
datasets\raw\plantdoc_classification\train\Corn_rust_leaf\train_Corn rust leaf_70.jpg,Corn_rust_leaf,plantdoc_classification
datasets\raw\plantdoc_classification\train\Bell_pepper_leaf_spot\train_Bell_pepper leaf spot_21.jpg,Bell_pepper_leaf_spot,plantdoc_classification
datasets\raw\plantdoc_classification\train\Raspberry_leaf\train_Raspberry leaf_6.jpg,Raspberry_leaf,plantdoc_classification
datasets\raw\plantdoc_classification\train\Cherry_leaf\train_Cherry leaf_19.jpg,Cherry_leaf,plantdoc_classification
datasets\raw\plantdoc_classification\train\grape_leaf\train_grape leaf_4.jpg,grape_leaf,plantdoc_classification
datasets\raw\plantdoc_classification\train\Tomato_Early_blight_leaf\train_Tomato Early blight leaf_50.jpg,Tomato_Early_blight_leaf,plantdoc_classification
datasets\raw\plantdoc_classification\train\Corn_leaf_blight\train_Corn leaf blight_108.jpg,Corn_leaf_blight,plantdoc_classification
datasets\raw\plantdoc_classification\train\Tomato_Early_blight_leaf\train_Tomato Early blight leaf_42.jpg,Tomato_Early_blight_leaf,plantdoc_classification
datasets\raw\plantdoc_classification\train\Potato_leaf_late_blight\train_Potato leaf late blight_85_2.jpg,Potato_leaf_late_blight,plantdoc_classification
datasets\raw\plantdoc_classification\train\Tomato_leaf_bacterial_spot\train_Tomato leaf bacterial spot_5.jpg,Tomato_leaf_bacterial_spot,plantdoc_classification
datasets\raw\plantdoc_classification\train\Bell_pepper_leaf\train_Bell_pepper leaf_6.jpg,Bell_pepper_leaf,plantdoc_classification
datasets\raw\plantdoc_classification\train\Corn_rust_leaf\train_Corn rust leaf_15.jpg,Corn_rust_leaf,plantdoc_classification
datasets\raw\plantdoc_classification\train\Tomato_leaf_mosaic_virus\train_Tomato leaf mosaic virus_1.jpg,Tomato_leaf_mosaic_virus,plantdoc_classification
datasets\raw\plantdoc_classification\train\Peach_leaf\train_Peach leaf_13.jpg,Peach_leaf,plantdoc_classification
datasets\raw\plantdoc_classification\train\Tomato_leaf_yellow_virus\train_Tomato leaf yellow virus_38_1.jpg,Tomato_leaf_yellow_virus,plantdoc_classification
datasets\raw\plantdoc_classification\train\Peach_leaf\train_Peach leaf_28.jpg,Peach_leaf,plantdoc_classification
datasets\raw\plantdoc_classification\train\Tomato_Early_blight_leaf\train_Tomato Early blight leaf_21.jpg,Tomato_Early_blight_leaf,plantdoc_classification
datasets\raw\plantdoc_classification\train\Raspberry_leaf\train_Raspberry leaf_34.jpg,Raspberry_leaf,plantdoc_classification
datasets\raw\plantdoc_classification\train\Potato_leaf_early_blight\train_Potato leaf early blight_98_7.jpg,Potato_leaf_early_blight,plantdoc_classification
datasets\raw\plantdoc_classification\train\grape_leaf\train_grape leaf_6.jpg,grape_leaf,plantdoc_classification
datasets\raw\plantdoc_classification\train\Tomato_Septoria_leaf_spot\train_Tomato Septoria leaf spot_106.jpg,Tomato_Septoria_leaf_spot,plantdoc_classification
datasets\raw\plantdoc_classification\train\Corn_rust_leaf\train_Corn rust leaf_44.jpg,Corn_rust_leaf,plantdoc_classification
datasets\raw\plantdoc_classification\train\Tomato_leaf_yellow_virus\train_Tomato leaf yellow virus_11_9.jpg,Tomato_leaf_yellow_virus,plantdoc_classification
datasets\raw\plantdoc_classification\train\Apple_leaf\train_Apple leaf_17.jpg,Apple_leaf,plantdoc_classification
datasets\raw\plantdoc_classification\train\Corn_leaf_blight\train_Corn leaf blight_87.jpg,Corn_leaf_blight,plantdoc_classification
datasets\raw\plantdoc_classification\train\Tomato_Septoria_leaf_spot\train_Tomato Septoria leaf spot_9.jpg,Tomato_Septoria_leaf_spot,plantdoc_classification
datasets\raw\plantdoc_classification\train\Tomato_leaf\train_Tomato leaf_6.jpg,Tomato_leaf,plantdoc_classification
datasets\raw\plantdoc_classification\train\Potato_leaf_late_blight\train_Potato leaf late blight_50.jpg,Potato_leaf_late_blight,plantdoc_classification
datasets\raw\plantdoc_classification\train\Apple_Scab_Leaf\train_Apple Scab Leaf_72.jpg,Apple_Scab_Leaf,plantdoc_classification
datasets\raw\plantdoc_classification\train\Tomato_mold_leaf\train_Tomato mold leaf_25.jpg,Tomato_mold_leaf,plantdoc_classification
datasets\raw\plantdoc_classification\train\Tomato_Early_blight_leaf\train_Tomato Early blight leaf_28.jpg,Tomato_Early_blight_leaf,plantdoc_classification
datasets\raw\plantdoc_classification\train\Tomato_Early_blight_leaf\train_Tomato Early blight leaf_46.jpg,Tomato_Early_blight_leaf,plantdoc_classification
datasets\raw\plantdoc_classification\train\Raspberry_leaf\train_Raspberry leaf_96.jpg,Raspberry_leaf,plantdoc_classification
datasets\raw\plantdoc_classification\train\Tomato_mold_leaf\train_Tomato mold leaf_35.jpg,Tomato_mold_leaf,plantdoc_classification
datasets\raw\plantdoc_classification\train\Strawberry_leaf\train_Strawberry leaf_54.jpg,Strawberry_leaf,plantdoc_classification
datasets\raw\plantdoc_classification\train\Tomato_Early_blight_leaf\train_Tomato Early blight leaf_54.jpg,Tomato_Early_blight_leaf,plantdoc_classification
datasets\raw\plantdoc_classification\train\Apple_leaf\train_Apple leaf_75.jpg,Apple_leaf,plantdoc_classification
datasets\raw\plantdoc_classification\train\grape_leaf_black_rot\train_grape leaf black rot_38_3.jpg,grape_leaf_black_rot,plantdoc_classification
datasets\raw\plantdoc_classification\train\Raspberry_leaf\train_Raspberry leaf_78.jpg,Raspberry_leaf,plantdoc_classification
datasets\raw\plantdoc_classification\train\Apple_leaf\train_Apple leaf_24.jpg,Apple_leaf,plantdoc_classification
datasets\raw\plantdoc_classification\train\Strawberry_leaf\train_Strawberry leaf_68.jpg,Strawberry_leaf,plantdoc_classification
datasets\raw\plantdoc_classification\train\Tomato_mold_leaf\train_Tomato mold leaf_61.jpg,Tomato_mold_leaf,plantdoc_classification
datasets\raw\plantdoc_classification\train\Apple_leaf\train_Apple leaf_29.jpg,Apple_leaf,plantdoc_classification
datasets\raw\plantdoc_classification\train\Strawberry_leaf\train_Strawberry leaf_15.jpg,Strawberry_leaf,plantdoc_classification
datasets\raw\plantdoc_classification\train\Strawberry_leaf\train_Strawberry leaf_70.jpg,Strawberry_leaf,plantdoc_classification
datasets\raw\plantdoc_classification\train\Strawberry_leaf\train_Strawberry leaf_14.jpg,Strawberry_leaf,plantdoc_classification
datasets\raw\plantdoc_classification\train\Tomato_leaf_late_blight\train_Tomato leaf late blight_75.jpg,Tomato_leaf_late_blight,plantdoc_classification
datasets\raw\plantdoc_classification\train\Apple_Scab_Leaf\train_Apple Scab Leaf_44.jpg,Apple_Scab_Leaf,plantdoc_classification
datasets\raw\plantdoc_classification\train\Strawberry_leaf\train_Strawberry leaf_22.jpg,Strawberry_leaf,plantdoc_classification
datasets\raw\plantdoc_classification\train\Potato_leaf_early_blight\train_Potato leaf early blight_24.jpg,Potato_leaf_early_blight,plantdoc_classification
datasets\raw\plantdoc_classification\train\Tomato_leaf_mosaic_virus\train_Tomato leaf mosaic virus_20.jpg,Tomato_leaf_mosaic_virus,plantdoc_classification
datasets\raw\plantdoc_classification\train\Potato_leaf_late_blight\train_Potato leaf late blight_40_4.jpg,Potato_leaf_late_blight,plantdoc_classification
datasets\raw\plantdoc_classification\train\grape_leaf\train_grape leaf_8.jpg,grape_leaf,plantdoc_classification
datasets\raw\plantdoc_classification\train\Blueberry_leaf\train_Blueberry leaf_87.jpg,Blueberry_leaf,plantdoc_classification
datasets\raw\plantdoc_classification\train\Tomato_Septoria_leaf_spot\train_Tomato Septoria leaf spot_83.jpg,Tomato_Septoria_leaf_spot,plantdoc_classification
datasets\raw\plantdoc_classification\train\Bell_pepper_leaf_spot\train_Bell_pepper leaf spot_2_2.jpg,Bell_pepper_leaf_spot,plantdoc_classification
datasets\raw\plantdoc_classification\train\Squash_Powdery_mildew_leaf\train_Squash Powdery mildew leaf_80.jpg,Squash_Powdery_mildew_leaf,plantdoc_classification
datasets\raw\plantdoc_classification\train\Corn_leaf_blight\train_Corn leaf blight_81.jpg,Corn_leaf_blight,plantdoc_classification
datasets\raw\plantdoc_classification\train\Blueberry_leaf\train_Blueberry leaf_51.jpg,Blueberry_leaf,plantdoc_classification
datasets\raw\plantdoc_classification\train\Tomato_mold_leaf\train_Tomato mold leaf_54.jpg,Tomato_mold_leaf,plantdoc_classification
datasets\raw\plantdoc_classification\train\Strawberry_leaf\train_Strawberry leaf_78.jpg,Strawberry_leaf,plantdoc_classification
datasets\raw\plantdoc_classification\train\Strawberry_leaf\train_Strawberry leaf_27.jpg,Strawberry_leaf,plantdoc_classification
datasets\raw\plantdoc_classification\train\Potato_leaf_late_blight\train_Potato leaf late blight_35_7.jpg,Potato_leaf_late_blight,plantdoc_classification
datasets\raw\plantdoc_classification\train\Blueberry_leaf\train_Blueberry leaf_97.jpg,Blueberry_leaf,plantdoc_classification
datasets\raw\plantdoc_classification\train\Potato_leaf_early_blight\train_Potato leaf early blight_98_8.jpg,Potato_leaf_early_blight,plantdoc_classification
datasets\raw\plantdoc_classification\train\Peach_leaf\train_Peach leaf_1.jpg,Peach_leaf,plantdoc_classification
datasets\raw\plantdoc_classification\train\Tomato_Septoria_leaf_spot\train_Tomato Septoria leaf spot_121.jpg,Tomato_Septoria_leaf_spot,plantdoc_classification
datasets\raw\plantdoc_classification\train\Tomato_leaf_yellow_virus\train_Tomato leaf yellow virus_5.jpg,Tomato_leaf_yellow_virus,plantdoc_classification
datasets\raw\plantdoc_classification\train\Tomato_leaf_yellow_virus\train_Tomato leaf yellow virus_63_1.jpg,Tomato_leaf_yellow_virus,plantdoc_classification
datasets\raw\plantdoc_classification\train\Potato_leaf_early_blight\train_Potato leaf early blight_67.jpg,Potato_leaf_early_blight,plantdoc_classification
datasets\raw\plantdoc_classification\train\Soyabean_leaf\train_Soyabean leaf_10.jpg,Soyabean_leaf,plantdoc_classification
datasets\raw\plantdoc_classification\train\Apple_Scab_Leaf\train_Apple Scab Leaf_74.jpg,Apple_Scab_Leaf,plantdoc_classification
datasets\raw\plantdoc_classification\train\Corn_rust_leaf\train_Corn rust leaf_51.jpg,Corn_rust_leaf,plantdoc_classification
datasets\raw\plantdoc_classification\train\Potato_leaf_early_blight\train_Potato leaf early blight_2.jpg,Potato_leaf_early_blight,plantdoc_classification
datasets\raw\plantdoc_classification\train\Strawberry_leaf\train_Strawberry leaf_17.jpg,Strawberry_leaf,plantdoc_classification
datasets\raw\plantdoc_classification\train\Raspberry_leaf\train_Raspberry leaf_65.jpg,Raspberry_leaf,plantdoc_classification
datasets\raw\plantdoc_classification\train\Tomato_leaf_yellow_virus\train_Tomato leaf yellow virus_1_2.jpg,Tomato_leaf_yellow_virus,plantdoc_classification
datasets\raw\plantdoc_classification\train\Corn_rust_leaf\train_Corn rust leaf_75.jpg,Corn_rust_leaf,plantdoc_classification
datasets\raw\plantdoc_classification\train\Tomato_leaf_bacterial_spot\train_Tomato leaf bacterial spot_48.jpg,Tomato_leaf_bacterial_spot,plantdoc_classification
datasets\raw\plantdoc_classification\train\Tomato_Septoria_leaf_spot\train_Tomato Septoria leaf spot_104.jpg,Tomato_Septoria_leaf_spot,plantdoc_classification
datasets\raw\plantdoc_classification\train\Tomato_leaf_yellow_virus\train_Tomato leaf yellow virus_65_3.jpg,Tomato_leaf_yellow_virus,plantdoc_classification
datasets\raw\plantdoc_classification\train\Apple_rust_leaf\train_Apple rust leaf_66_4.jpg,Apple_rust_leaf,plantdoc_classification
datasets\raw\plantdoc_classification\train\Apple_rust_leaf\train_Apple rust leaf_10.jpg,Apple_rust_leaf,plantdoc_classification
datasets\raw\plantdoc_classification\train\Apple_Scab_Leaf\train_Apple Scab Leaf_24.jpg,Apple_Scab_Leaf,plantdoc_classification
datasets\raw\plantdoc_classification\train\Bell_pepper_leaf\train_Bell_pepper leaf_45.jpg,Bell_pepper_leaf,plantdoc_classification
datasets\raw\plantdoc_classification\train\Corn_Gray_leaf_spot\train_Corn Gray leaf spot_35.jpg,Corn_Gray_leaf_spot,plantdoc_classification
datasets\raw\plantdoc_classification\train\Potato_leaf_late_blight\train_Potato leaf late blight_97_1.jpg,Potato_leaf_late_blight,plantdoc_classification
datasets\raw\plantdoc_classification\train\Tomato_leaf_bacterial_spot\train_Tomato leaf bacterial spot_58.jpg,Tomato_leaf_bacterial_spot,plantdoc_classification
datasets\raw\plantdoc_classification\train\Tomato_leaf_yellow_virus\train_Tomato leaf yellow virus_19_2.jpg,Tomato_leaf_yellow_virus,plantdoc_classification
datasets\raw\plantdoc_classification\train\Apple_Scab_Leaf\train_Apple Scab Leaf_66.jpg,Apple_Scab_Leaf,plantdoc_classification
datasets\raw\plantdoc_classification\train\Tomato_leaf\train_Tomato leaf_14.jpg,Tomato_leaf,plantdoc_classification
datasets\raw\plantdoc_classification\train\Blueberry_leaf\train_Blueberry leaf_6.jpg,Blueberry_leaf,plantdoc_classification
datasets\raw\plantdoc_classification\train\grape_leaf\train_grape leaf_28.jpg,grape_leaf,plantdoc_classification
datasets\raw\plantdoc_classification\train\Tomato_Early_blight_leaf\train_Tomato Early blight leaf_47.jpg,Tomato_Early_blight_leaf,plantdoc_classification
datasets\raw\plantdoc_classification\train\Tomato_leaf_late_blight\train_Tomato leaf late blight_52.jpg,Tomato_leaf_late_blight,plantdoc_classification
datasets\raw\plantdoc_classification\train\Tomato_leaf_bacterial_spot\train_Tomato leaf bacterial spot_88.jpg,Tomato_leaf_bacterial_spot,plantdoc_classification
datasets\raw\plantdoc_classification\train\Tomato_leaf_late_blight\train_Tomato leaf late blight_84.jpg,Tomato_leaf_late_blight,plantdoc_classification
datasets\raw\plantdoc_classification\train\Tomato_leaf_yellow_virus\train_Tomato leaf yellow virus_8_14.jpg,Tomato_leaf_yellow_virus,plantdoc_classification
datasets\raw\plantdoc_classification\train\Tomato_leaf_yellow_virus\train_Tomato leaf yellow virus_48_1.jpg,Tomato_leaf_yellow_virus,plantdoc_classification
datasets\raw\plantdoc_classification\train\grape_leaf_black_rot\train_grape leaf black rot_15.jpg,grape_leaf_black_rot,plantdoc_classification
datasets\raw\plantdoc_classification\train\Squash_Powdery_mildew_leaf\train_Squash Powdery mildew leaf_112.jpg,Squash_Powdery_mildew_leaf,plantdoc_classification
datasets\raw\plantdoc_classification\train\Squash_Powdery_mildew_leaf\train_Squash Powdery mildew leaf_7.jpg,Squash_Powdery_mildew_leaf,plantdoc_classification
datasets\raw\plantdoc_classification\train\Corn_Gray_leaf_spot\train_Corn Gray leaf spot_5.jpg,Corn_Gray_leaf_spot,plantdoc_classification
datasets\raw\plantdoc_classification\train\Squash_Powdery_mildew_leaf\train_Squash Powdery mildew leaf_60.jpg,Squash_Powdery_mildew_leaf,plantdoc_classification
datasets\raw\plantdoc_classification\train\Potato_leaf_early_blight\train_Potato leaf early blight_11.jpg,Potato_leaf_early_blight,plantdoc_classification
datasets\raw\plantdoc_classification\train\Tomato_mold_leaf\train_Tomato mold leaf_83.jpg,Tomato_mold_leaf,plantdoc_classification
datasets\raw\plantdoc_classification\train\Potato_leaf_early_blight\train_Potato leaf early blight_70.jpg,Potato_leaf_early_blight,plantdoc_classification
datasets\raw\plantdoc_classification\train\Corn_leaf_blight\train_Corn leaf blight_68.jpg,Corn_leaf_blight,plantdoc_classification
datasets\raw\plantdoc_classification\train\Potato_leaf_early_blight\train_Potato leaf early blight_78_2.jpg,Potato_leaf_early_blight,plantdoc_classification
datasets\raw\plantdoc_classification\train\Corn_leaf_blight\train_Corn leaf blight_142.jpg,Corn_leaf_blight,plantdoc_classification
datasets\raw\plantdoc_classification\train\Tomato_mold_leaf\train_Tomato mold leaf_14.jpg,Tomato_mold_leaf,plantdoc_classification
datasets\raw\plantdoc_classification\train\Corn_Gray_leaf_spot\train_Corn Gray leaf spot_34.jpg,Corn_Gray_leaf_spot,plantdoc_classification
datasets\raw\plantdoc_classification\train\Tomato_leaf_late_blight\train_Tomato leaf late blight_97.jpg,Tomato_leaf_late_blight,plantdoc_classification
datasets\raw\plantdoc_classification\train\Apple_rust_leaf\train_Apple rust leaf_62.jpg,Apple_rust_leaf,plantdoc_classification
datasets\raw\plantdoc_classification\train\grape_leaf_black_rot\train_grape leaf black rot_17_2.jpg,grape_leaf_black_rot,plantdoc_classification
datasets\raw\plantdoc_classification\train\Corn_Gray_leaf_spot\train_Corn Gray leaf spot_43.jpg,Corn_Gray_leaf_spot,plantdoc_classification
datasets\raw\plantdoc_classification\train\Bell_pepper_leaf\train_Bell_pepper leaf_52.jpg,Bell_pepper_leaf,plantdoc_classification
datasets\raw\plantdoc_classification\train\Tomato_mold_leaf\train_Tomato mold leaf_20.jpg,Tomato_mold_leaf,plantdoc_classification
datasets\raw\plantdoc_classification\train\Tomato_leaf_yellow_virus\train_Tomato leaf yellow virus_12_5.jpg,Tomato_leaf_yellow_virus,plantdoc_classification
datasets\raw\plantdoc_classification\train\Potato_leaf_early_blight\train_Potato leaf early blight_79.jpg,Potato_leaf_early_blight,plantdoc_classification
datasets\raw\plantdoc_classification\train\Tomato_mold_leaf\train_Tomato mold leaf_30.jpg,Tomato_mold_leaf,plantdoc_classification
datasets\raw\plantdoc_classification\train\Corn_leaf_blight\train_Corn leaf blight_164.jpg,Corn_leaf_blight,plantdoc_classification
datasets\raw\plantdoc_classification\train\Tomato_Septoria_leaf_spot\train_Tomato Septoria leaf spot_40.jpg,Tomato_Septoria_leaf_spot,plantdoc_classification
datasets\raw\plantdoc_classification\train\Squash_Powdery_mildew_leaf\train_Squash Powdery mildew leaf_102.jpg,Squash_Powdery_mildew_leaf,plantdoc_classification
datasets\raw\plantdoc_classification\train\Tomato_leaf_bacterial_spot\train_Tomato leaf bacterial spot_65.jpg,Tomato_leaf_bacterial_spot,plantdoc_classification
datasets\raw\plantdoc_classification\train\Blueberry_leaf\train_Blueberry leaf_41.jpg,Blueberry_leaf,plantdoc_classification
datasets\raw\plantdoc_classification\train\Tomato_leaf_yellow_virus\train_Tomato leaf yellow virus_6_2.jpg,Tomato_leaf_yellow_virus,plantdoc_classification
datasets\raw\plantdoc_classification\train\Apple_Scab_Leaf\train_Apple Scab Leaf_52.jpg,Apple_Scab_Leaf,plantdoc_classification
datasets\raw\plantdoc_classification\train\Potato_leaf_late_blight\train_Potato leaf late blight_35_8.jpg,Potato_leaf_late_blight,plantdoc_classification
datasets\raw\plantdoc_classification\train\Potato_leaf_late_blight\train_Potato leaf late blight_85_4.jpg,Potato_leaf_late_blight,plantdoc_classification
datasets\raw\plantdoc_classification\train\Tomato_Septoria_leaf_spot\train_Tomato Septoria leaf spot_76.jpg,Tomato_Septoria_leaf_spot,plantdoc_classification
datasets\raw\plantdoc_classification\train\Peach_leaf\train_Peach leaf_59.jpg,Peach_leaf,plantdoc_classification
datasets\raw\plantdoc_classification\train\Corn_rust_leaf\train_Corn rust leaf_34.jpg,Corn_rust_leaf,plantdoc_classification
datasets\raw\plantdoc_classification\train\Tomato_leaf_late_blight\train_Tomato leaf late blight_31.jpg,Tomato_leaf_late_blight,plantdoc_classification
datasets\raw\plantdoc_classification\train\Soyabean_leaf\train_Soyabean leaf_44.jpg,Soyabean_leaf,plantdoc_classification
datasets\raw\plantdoc_classification\train\Raspberry_leaf\train_Raspberry leaf_10.jpg,Raspberry_leaf,plantdoc_classification
datasets\raw\plantdoc_classification\train\Tomato_Early_blight_leaf\train_Tomato Early blight leaf_26.jpg,Tomato_Early_blight_leaf,plantdoc_classification
datasets\raw\plantdoc_classification\train\Raspberry_leaf\train_Raspberry leaf_83.jpg,Raspberry_leaf,plantdoc_classification
datasets\raw\plantdoc_classification\train\Bell_pepper_leaf\train_Bell_pepper leaf_24_2.jpg,Bell_pepper_leaf,plantdoc_classification
datasets\raw\plantdoc_classification\train\Corn_leaf_blight\train_Corn leaf blight_50.jpg,Corn_leaf_blight,plantdoc_classification
datasets\raw\plantdoc_classification\train\Potato_leaf_late_blight\train_Potato leaf late blight_85_3.jpg,Potato_leaf_late_blight,plantdoc_classification
datasets\raw\plantdoc_classification\train\Tomato_leaf_late_blight\train_Tomato leaf late blight_70.jpg,Tomato_leaf_late_blight,plantdoc_classification
datasets\raw\plantdoc_classification\train\Tomato_leaf_yellow_virus\train_Tomato leaf yellow virus_3_10.jpg,Tomato_leaf_yellow_virus,plantdoc_classification
datasets\raw\plantdoc_classification\train\Tomato_leaf_mosaic_virus\train_Tomato leaf mosaic virus_30.jpg,Tomato_leaf_mosaic_virus,plantdoc_classification
datasets\raw\plantdoc_classification\train\Tomato_leaf_yellow_virus\train_Tomato leaf yellow virus_34.jpg,Tomato_leaf_yellow_virus,plantdoc_classification
datasets\raw\plantdoc_classification\train\Raspberry_leaf\train_Raspberry leaf_110.jpg,Raspberry_leaf,plantdoc_classification
datasets\raw\plantdoc_classification\train\Potato_leaf_late_blight\train_Potato leaf late blight_93_1.jpg,Potato_leaf_late_blight,plantdoc_classification
datasets\raw\plantdoc_classification\train\Corn_Gray_leaf_spot\train_Corn Gray leaf spot_59.jpg,Corn_Gray_leaf_spot,plantdoc_classification
datasets\raw\plantdoc_classification\train\Raspberry_leaf\train_Raspberry leaf_97.jpg,Raspberry_leaf,plantdoc_classification
datasets\raw\plantdoc_classification\train\Apple_Scab_Leaf\train_Apple Scab Leaf_45.jpg,Apple_Scab_Leaf,plantdoc_classification
datasets\raw\plantdoc_classification\train\Tomato_Septoria_leaf_spot\train_Tomato Septoria leaf spot_21.jpg,Tomato_Septoria_leaf_spot,plantdoc_classification
datasets\raw\plantdoc_classification\train\Corn_rust_leaf\train_Corn rust leaf_38.jpg,Corn_rust_leaf,plantdoc_classification
datasets\raw\plantdoc_classification\train\Raspberry_leaf\train_Raspberry leaf_36.jpg,Raspberry_leaf,plantdoc_classification
datasets\raw\plantdoc_classification\train\Raspberry_leaf\train_Raspberry leaf_17.jpg,Raspberry_leaf,plantdoc_classification
datasets\raw\plantdoc_classification\train\Soyabean_leaf\train_Soyabean leaf_34.jpg,Soyabean_leaf,plantdoc_classification
datasets\raw\plantdoc_classification\train\Tomato_Septoria_leaf_spot\train_Tomato Septoria leaf spot_44.jpg,Tomato_Septoria_leaf_spot,plantdoc_classification
datasets\raw\plantdoc_classification\train\Apple_leaf\train_Apple leaf_41.jpg,Apple_leaf,plantdoc_classification
datasets\raw\plantdoc_classification\train\Tomato_leaf_late_blight\train_Tomato leaf late blight_37.jpg,Tomato_leaf_late_blight,plantdoc_classification
datasets\raw\plantdoc_classification\train\Corn_leaf_blight\train_Corn leaf blight_115.jpg,Corn_leaf_blight,plantdoc_classification
datasets\raw\plantdoc_classification\train\Tomato_Septoria_leaf_spot\train_Tomato Septoria leaf spot_139.jpg,Tomato_Septoria_leaf_spot,plantdoc_classification
datasets\raw\plantdoc_classification\train\Blueberry_leaf\train_Blueberry leaf_49.jpg,Blueberry_leaf,plantdoc_classification
datasets\raw\plantdoc_classification\train\Peach_leaf\train_Peach leaf_32.jpg,Peach_leaf,plantdoc_classification
datasets\raw\plantdoc_classification\train\Apple_Scab_Leaf\train_Apple Scab Leaf_16.jpg,Apple_Scab_Leaf,plantdoc_classification
datasets\raw\plantdoc_classification\train\grape_leaf\train_grape leaf_1.jpg,grape_leaf,plantdoc_classification
datasets\raw\plantdoc_classification\train\Apple_Scab_Leaf\train_Apple Scab Leaf_39.jpg,Apple_Scab_Leaf,plantdoc_classification
datasets\raw\plantdoc_classification\train\Tomato_leaf_yellow_virus\train_Tomato leaf yellow virus_30_2.jpg,Tomato_leaf_yellow_virus,plantdoc_classification
datasets\raw\plantdoc_classification\train\Tomato_Septoria_leaf_spot\train_Tomato Septoria leaf spot_75.jpg,Tomato_Septoria_leaf_spot,plantdoc_classification
datasets\raw\plantdoc_classification\train\Soyabean_leaf\train_Soyabean leaf_29.jpg,Soyabean_leaf,plantdoc_classification
datasets\raw\plantdoc_classification\train\Squash_Powdery_mildew_leaf\train_Squash Powdery mildew leaf_48.jpg,Squash_Powdery_mildew_leaf,plantdoc_classification
datasets\raw\plantdoc_classification\train\Squash_Powdery_mildew_leaf\train_Squash Powdery mildew leaf_14.jpg,Squash_Powdery_mildew_leaf,plantdoc_classification
datasets\raw\plantdoc_classification\train\Tomato_leaf_yellow_virus\train_Tomato leaf yellow virus_58_3.jpg,Tomato_leaf_yellow_virus,plantdoc_classification
datasets\raw\plantdoc_classification\train\Tomato_Septoria_leaf_spot\train_Tomato Septoria leaf spot_1.jpg,Tomato_Septoria_leaf_spot,plantdoc_classification
datasets\raw\plantdoc_classification\train\Corn_leaf_blight\train_Corn leaf blight_91.jpg,Corn_leaf_blight,plantdoc_classification
datasets\raw\plantdoc_classification\train\Corn_leaf_blight\train_Corn leaf blight_149.jpg,Corn_leaf_blight,plantdoc_classification
datasets\raw\plantdoc_classification\train\Tomato_Septoria_leaf_spot\train_Tomato Septoria leaf spot_5_1.jpg,Tomato_Septoria_leaf_spot,plantdoc_classification
datasets\raw\plantdoc_classification\train\Cherry_leaf\train_Cherry leaf_13.jpg,Cherry_leaf,plantdoc_classification
datasets\raw\plantdoc_classification\train\Soyabean_leaf\train_Soyabean leaf_3.jpg,Soyabean_leaf,plantdoc_classification
datasets\raw\plantdoc_classification\train\Tomato_leaf\train_Tomato leaf_20.jpg,Tomato_leaf,plantdoc_classification
datasets\raw\plantdoc_classification\train\Bell_pepper_leaf_spot\train_Bell_pepper leaf spot_42_4.jpg,Bell_pepper_leaf_spot,plantdoc_classification
datasets\raw\plantdoc_classification\train\Tomato_leaf_mosaic_virus\train_Tomato leaf mosaic virus_38.jpg,Tomato_leaf_mosaic_virus,plantdoc_classification
datasets\raw\plantdoc_classification\train\Bell_pepper_leaf\train_Bell_pepper leaf_50_3.jpg,Bell_pepper_leaf,plantdoc_classification
datasets\raw\plantdoc_classification\train\Tomato_leaf_late_blight\train_Tomato leaf late blight_95.jpg,Tomato_leaf_late_blight,plantdoc_classification
datasets\raw\plantdoc_classification\train\Squash_Powdery_mildew_leaf\train_Squash Powdery mildew leaf_2.jpg,Squash_Powdery_mildew_leaf,plantdoc_classification
datasets\raw\plantdoc_classification\train\Soyabean_leaf\train_Soyabean leaf_41.jpg,Soyabean_leaf,plantdoc_classification
datasets\raw\plantdoc_classification\train\Corn_leaf_blight\train_Corn leaf blight_2.jpg,Corn_leaf_blight,plantdoc_classification
datasets\raw\plantdoc_classification\train\Tomato_leaf_yellow_virus\train_Tomato leaf yellow virus_8_19.jpg,Tomato_leaf_yellow_virus,plantdoc_classification
datasets\raw\plantdoc_classification\train\Apple_rust_leaf\train_Apple rust leaf_52.jpg,Apple_rust_leaf,plantdoc_classification
datasets\raw\plantdoc_classification\train\Apple_leaf\train_Apple leaf_12.jpg,Apple_leaf,plantdoc_classification
datasets\raw\plantdoc_classification\train\Corn_Gray_leaf_spot\train_Corn Gray leaf spot_2.jpg,Corn_Gray_leaf_spot,plantdoc_classification
datasets\raw\plantdoc_classification\train\Potato_leaf_late_blight\train_Potato leaf late blight_97_3.jpg,Potato_leaf_late_blight,plantdoc_classification
datasets\raw\plantdoc_classification\train\Potato_leaf_late_blight\train_Potato leaf late blight_36_1.jpg,Potato_leaf_late_blight,plantdoc_classification
datasets\raw\plantdoc_classification\train\Potato_leaf_late_blight\train_Potato leaf late blight_91_2.jpg,Potato_leaf_late_blight,plantdoc_classification
datasets\raw\plantdoc_classification\train\Peach_leaf\train_Peach leaf_50.jpg,Peach_leaf,plantdoc_classification
datasets\raw\plantdoc_classification\train\Tomato_leaf_yellow_virus\train_Tomato leaf yellow virus_35_6.jpg,Tomato_leaf_yellow_virus,plantdoc_classification
datasets\raw\plantdoc_classification\train\Apple_leaf\train_Apple leaf_53.jpg,Apple_leaf,plantdoc_classification
datasets\raw\plantdoc_classification\train\Bell_pepper_leaf_spot\train_Bell_pepper leaf spot_13_1.jpg,Bell_pepper_leaf_spot,plantdoc_classification
datasets\raw\plantdoc_classification\train\Blueberry_leaf\train_Blueberry leaf_88.jpg,Blueberry_leaf,plantdoc_classification
datasets\raw\plantdoc_classification\train\Tomato_leaf_yellow_virus\train_Tomato leaf yellow virus_11_1.jpg,Tomato_leaf_yellow_virus,plantdoc_classification
datasets\raw\plantdoc_classification\train\Tomato_leaf_yellow_virus\train_Tomato leaf yellow virus_63_3.jpg,Tomato_leaf_yellow_virus,plantdoc_classification
datasets\raw\plantdoc_classification\train\Bell_pepper_leaf\train_Bell_pepper leaf_34_2.jpg,Bell_pepper_leaf,plantdoc_classification
datasets\raw\plantdoc_classification\train\Tomato_mold_leaf\train_Tomato mold leaf_80.jpg,Tomato_mold_leaf,plantdoc_classification
datasets\raw\plantdoc_classification\train\Blueberry_leaf\train_Blueberry leaf_95.jpg,Blueberry_leaf,plantdoc_classification
datasets\raw\plantdoc_classification\train\grape_leaf_black_rot\train_grape leaf black rot_21.jpg,grape_leaf_black_rot,plantdoc_classification
datasets\raw\plantdoc_classification\train\Peach_leaf\train_Peach leaf_56.jpg,Peach_leaf,plantdoc_classification
datasets\raw\plantdoc_classification\train\Apple_leaf\train_Apple leaf_66.jpg,Apple_leaf,plantdoc_classification
datasets\raw\plantdoc_classification\train\Tomato_Septoria_leaf_spot\train_Tomato Septoria leaf spot_22.jpg,Tomato_Septoria_leaf_spot,plantdoc_classification
datasets\raw\plantdoc_classification\train\grape_leaf_black_rot\train_grape leaf black rot_48_4.jpg,grape_leaf_black_rot,plantdoc_classification
datasets\raw\plantdoc_classification\train\Tomato_mold_leaf\train_Tomato mold leaf_53.jpg,Tomato_mold_leaf,plantdoc_classification
datasets\raw\plantdoc_classification\train\Tomato_leaf_yellow_virus\train_Tomato leaf yellow virus_27_1.jpg,Tomato_leaf_yellow_virus,plantdoc_classification
datasets\raw\plantdoc_classification\train\Apple_rust_leaf\train_Apple rust leaf_12.jpg,Apple_rust_leaf,plantdoc_classification
datasets\raw\plantdoc_classification\train\Tomato_leaf_mosaic_virus\train_Tomato leaf mosaic virus_32.jpg,Tomato_leaf_mosaic_virus,plantdoc_classification
datasets\raw\plantdoc_classification\train\Tomato_Early_blight_leaf\train_Tomato Early blight leaf_2.jpg,Tomato_Early_blight_leaf,plantdoc_classification
datasets\raw\plantdoc_classification\train\Potato_leaf_late_blight\train_Potato leaf late blight_12_6.jpg,Potato_leaf_late_blight,plantdoc_classification
datasets\raw\plantdoc_classification\train\Corn_leaf_blight\train_Corn leaf blight_8.jpg,Corn_leaf_blight,plantdoc_classification
datasets\raw\plantdoc_classification\train\Corn_leaf_blight\train_Corn leaf blight_104.jpg,Corn_leaf_blight,plantdoc_classification
datasets\raw\plantdoc_classification\train\Tomato_leaf_late_blight\train_Tomato leaf late blight_66.jpg,Tomato_leaf_late_blight,plantdoc_classification
datasets\raw\plantdoc_classification\train\grape_leaf\train_grape leaf_45.jpg,grape_leaf,plantdoc_classification
datasets\raw\plantdoc_classification\train\Squash_Powdery_mildew_leaf\train_Squash Powdery mildew leaf_107.jpg,Squash_Powdery_mildew_leaf,plantdoc_classification
datasets\raw\plantdoc_classification\train\Tomato_leaf_late_blight\train_Tomato leaf late blight_94.jpg,Tomato_leaf_late_blight,plantdoc_classification
datasets\raw\plantdoc_classification\train\Corn_Gray_leaf_spot\train_Corn Gray leaf spot_36.jpg,Corn_Gray_leaf_spot,plantdoc_classification
datasets\raw\plantdoc_classification\train\Bell_pepper_leaf_spot\train_Bell_pepper leaf spot_11.jpg,Bell_pepper_leaf_spot,plantdoc_classification
datasets\raw\plantdoc_classification\train\Apple_Scab_Leaf\train_Apple Scab Leaf_65.jpg,Apple_Scab_Leaf,plantdoc_classification
datasets\raw\plantdoc_classification\train\Raspberry_leaf\train_Raspberry leaf_56.jpg,Raspberry_leaf,plantdoc_classification
datasets\raw\plantdoc_classification\train\Blueberry_leaf\train_Blueberry leaf_8.jpg,Blueberry_leaf,plantdoc_classification
datasets\raw\plantdoc_classification\train\Peach_leaf\train_Peach leaf_30.jpg,Peach_leaf,plantdoc_classification
datasets\raw\plantdoc_classification\train\Tomato_leaf_bacterial_spot\train_Tomato leaf bacterial spot_100.jpg,Tomato_leaf_bacterial_spot,plantdoc_classification
datasets\raw\plantdoc_classification\train\Tomato_leaf_late_blight\train_Tomato leaf late blight_50.jpg,Tomato_leaf_late_blight,plantdoc_classification
datasets\raw\plantdoc_classification\train\Soyabean_leaf\train_Soyabean leaf_38.jpg,Soyabean_leaf,plantdoc_classification
datasets\raw\plantdoc_classification\train\Tomato_mold_leaf\train_Tomato mold leaf_62.jpg,Tomato_mold_leaf,plantdoc_classification
datasets\raw\plantdoc_classification\train\Bell_pepper_leaf\train_Bell_pepper leaf_8.jpg,Bell_pepper_leaf,plantdoc_classification
datasets\raw\plantdoc_classification\train\Tomato_leaf_mosaic_virus\train_Tomato leaf mosaic virus_43.jpg,Tomato_leaf_mosaic_virus,plantdoc_classification
datasets\raw\plantdoc_classification\train\Potato_leaf_early_blight\train_Potato leaf early blight_104_1.jpg,Potato_leaf_early_blight,plantdoc_classification
datasets\raw\plantdoc_classification\train\Peach_leaf\train_Peach leaf_29.jpg,Peach_leaf,plantdoc_classification
datasets\raw\plantdoc_classification\train\Tomato_Septoria_leaf_spot\train_Tomato Septoria leaf spot_107.jpg,Tomato_Septoria_leaf_spot,plantdoc_classification
datasets\raw\plantdoc_classification\train\Tomato_mold_leaf\train_Tomato mold leaf_60.jpg,Tomato_mold_leaf,plantdoc_classification
datasets\raw\plantdoc_classification\train\Potato_leaf_early_blight\train_Potato leaf early blight_59.jpg,Potato_leaf_early_blight,plantdoc_classification
datasets\raw\plantdoc_classification\train\Strawberry_leaf\train_Strawberry leaf_25.jpg,Strawberry_leaf,plantdoc_classification
datasets\raw\plantdoc_classification\train\Apple_leaf\train_Apple leaf_30.jpg,Apple_leaf,plantdoc_classification
datasets\raw\plantdoc_classification\train\grape_leaf\train_grape leaf_19.jpg,grape_leaf,plantdoc_classification
datasets\raw\plantdoc_classification\train\Tomato_Early_blight_leaf\train_Tomato Early blight leaf_52.jpg,Tomato_Early_blight_leaf,plantdoc_classification
datasets\raw\plantdoc_classification\train\Raspberry_leaf\train_Raspberry leaf_87.jpg,Raspberry_leaf,plantdoc_classification
datasets\raw\plantdoc_classification\train\Corn_rust_leaf\train_Corn rust leaf_37.jpg,Corn_rust_leaf,plantdoc_classification
datasets\raw\plantdoc_classification\train\Tomato_leaf_late_blight\train_Tomato leaf late blight_51.jpg,Tomato_leaf_late_blight,plantdoc_classification
datasets\raw\plantdoc_classification\train\Corn_rust_leaf\train_Corn rust leaf_9.jpg,Corn_rust_leaf,plantdoc_classification
datasets\raw\plantdoc_classification\train\Tomato_Septoria_leaf_spot\train_Tomato Septoria leaf spot_116.jpg,Tomato_Septoria_leaf_spot,plantdoc_classification
datasets\raw\plantdoc_classification\train\Apple_rust_leaf\train_Apple rust leaf_32.jpg,Apple_rust_leaf,plantdoc_classification
datasets\raw\plantdoc_classification\train\grape_leaf\train_grape leaf_26.jpg,grape_leaf,plantdoc_classification
datasets\raw\plantdoc_classification\train\Corn_leaf_blight\train_Corn leaf blight_102.jpg,Corn_leaf_blight,plantdoc_classification
datasets\raw\plantdoc_classification\train\Potato_leaf_early_blight\train_Potato leaf early blight_53.jpg,Potato_leaf_early_blight,plantdoc_classification
datasets\raw\plantdoc_classification\train\Potato_leaf_early_blight\train_Potato leaf early blight_43.jpg,Potato_leaf_early_blight,plantdoc_classification
datasets\raw\plantdoc_classification\train\Potato_leaf_late_blight\train_Potato leaf late blight_22.jpg,Potato_leaf_late_blight,plantdoc_classification
datasets\raw\plantdoc_classification\train\Peach_leaf\train_Peach leaf_60.jpg,Peach_leaf,plantdoc_classification
datasets\raw\plantdoc_classification\train\Tomato_leaf_bacterial_spot\train_Tomato leaf bacterial spot_57.jpg,Tomato_leaf_bacterial_spot,plantdoc_classification
datasets\raw\plantdoc_classification\train\Bell_pepper_leaf_spot\train_Bell_pepper leaf spot_56.jpg,Bell_pepper_leaf_spot,plantdoc_classification
datasets\raw\plantdoc_classification\train\grape_leaf\train_grape leaf_22.jpg,grape_leaf,plantdoc_classification
datasets\raw\plantdoc_classification\train\Apple_Scab_Leaf\train_Apple Scab Leaf_35.jpg,Apple_Scab_Leaf,plantdoc_classification
datasets\raw\plantdoc_classification\train\Strawberry_leaf\train_Strawberry leaf_20.jpg,Strawberry_leaf,plantdoc_classification
datasets\raw\plantdoc_classification\train\Raspberry_leaf\train_Raspberry leaf_28.jpg,Raspberry_leaf,plantdoc_classification
datasets\raw\plantdoc_classification\train\Strawberry_leaf\train_Strawberry leaf_53.jpg,Strawberry_leaf,plantdoc_classification
datasets\raw\plantdoc_classification\train\Corn_leaf_blight\train_Corn leaf blight_13.jpg,Corn_leaf_blight,plantdoc_classification
datasets\raw\plantdoc_classification\train\Tomato_Septoria_leaf_spot\train_Tomato Septoria leaf spot_119.jpg,Tomato_Septoria_leaf_spot,plantdoc_classification
datasets\raw\plantdoc_classification\train\Tomato_Septoria_leaf_spot\train_Tomato Septoria leaf spot_73.jpg,Tomato_Septoria_leaf_spot,plantdoc_classification
datasets\raw\plantdoc_classification\train\Squash_Powdery_mildew_leaf\train_Squash Powdery mildew leaf_106.jpg,Squash_Powdery_mildew_leaf,plantdoc_classification
datasets\raw\plantdoc_classification\train\Potato_leaf_early_blight\train_Potato leaf early blight_94_4.jpg,Potato_leaf_early_blight,plantdoc_classification
datasets\raw\plantdoc_classification\train\Corn_leaf_blight\train_Corn Gray leaf spot_47_1.jpg,Corn_leaf_blight,plantdoc_classification
datasets\raw\plantdoc_classification\train\Tomato_leaf_yellow_virus\train_Tomato leaf yellow virus_38_2.jpg,Tomato_leaf_yellow_virus,plantdoc_classification
datasets\raw\plantdoc_classification\train\Tomato_leaf_late_blight\train_Tomato leaf late blight_33.jpg,Tomato_leaf_late_blight,plantdoc_classification
datasets\raw\plantdoc_classification\train\Peach_leaf\train_Peach leaf_6.jpg,Peach_leaf,plantdoc_classification
datasets\raw\plantdoc_classification\train\Blueberry_leaf\train_Blueberry leaf_4.jpg,Blueberry_leaf,plantdoc_classification
datasets\raw\plantdoc_classification\train\Raspberry_leaf\train_Raspberry leaf_62.jpg,Raspberry_leaf,plantdoc_classification
datasets\raw\plantdoc_classification\train\Tomato_Early_blight_leaf\train_Tomato Early blight leaf_67.jpg,Tomato_Early_blight_leaf,plantdoc_classification
datasets\raw\plantdoc_classification\train\Corn_leaf_blight\train_Corn leaf blight_26.jpg,Corn_leaf_blight,plantdoc_classification
datasets\raw\plantdoc_classification\train\Squash_Powdery_mildew_leaf\train_Squash Powdery mildew leaf_10.jpg,Squash_Powdery_mildew_leaf,plantdoc_classification
datasets\raw\plantdoc_classification\train\Tomato_leaf_late_blight\train_Tomato leaf late blight_39.jpg,Tomato_leaf_late_blight,plantdoc_classification
datasets\raw\plantdoc_classification\train\Corn_rust_leaf\train_Corn rust leaf_27.jpg,Corn_rust_leaf,plantdoc_classification
datasets\raw\plantdoc_classification\train\Corn_rust_leaf\train_Corn rust leaf_105_2.jpg,Corn_rust_leaf,plantdoc_classification
datasets\raw\plantdoc_classification\train\Corn_leaf_blight\train_Corn leaf blight_134.jpg,Corn_leaf_blight,plantdoc_classification
datasets\raw\plantdoc_classification\train\Tomato_leaf_late_blight\train_Tomato leaf late blight_67.jpg,Tomato_leaf_late_blight,plantdoc_classification
datasets\raw\plantdoc_classification\train\Tomato_leaf_bacterial_spot\train_Tomato leaf bacterial spot_71.jpg,Tomato_leaf_bacterial_spot,plantdoc_classification
datasets\raw\plantdoc_classification\train\Corn_leaf_blight\train_Corn leaf blight_10.jpg,Corn_leaf_blight,plantdoc_classification
datasets\raw\plantdoc_classification\train\Potato_leaf_early_blight\train_Potato leaf early blight_94_1.jpg,Potato_leaf_early_blight,plantdoc_classification
datasets\raw\plantdoc_classification\train\Cherry_leaf\train_Cherry leaf_40.jpg,Cherry_leaf,plantdoc_classification
datasets\raw\plantdoc_classification\train\Corn_leaf_blight\train_Corn leaf blight_39.jpg,Corn_leaf_blight,plantdoc_classification
datasets\raw\plantdoc_classification\train\Bell_pepper_leaf\train_Bell_pepper leaf_47_3.jpg,Bell_pepper_leaf,plantdoc_classification
datasets\raw\plantdoc_classification\train\Tomato_leaf_yellow_virus\train_Tomato leaf yellow virus_52.jpg,Tomato_leaf_yellow_virus,plantdoc_classification
datasets\raw\plantdoc_classification\train\Tomato_leaf\train_Tomato leaf_37_1.jpg,Tomato_leaf,plantdoc_classification
datasets\raw\plantdoc_classification\train\Strawberry_leaf\train_Strawberry leaf_49.jpg,Strawberry_leaf,plantdoc_classification
datasets\raw\plantdoc_classification\train\Corn_rust_leaf\train_Corn rust leaf_102.jpg,Corn_rust_leaf,plantdoc_classification
datasets\raw\plantdoc_classification\train\Corn_leaf_blight\train_Corn leaf blight_170.jpg,Corn_leaf_blight,plantdoc_classification
datasets\raw\plantdoc_classification\train\Peach_leaf\train_Peach leaf_97.jpg,Peach_leaf,plantdoc_classification
datasets\raw\plantdoc_classification\train\Squash_Powdery_mildew_leaf\train_Squash Powdery mildew leaf_79.jpg,Squash_Powdery_mildew_leaf,plantdoc_classification
datasets\raw\plantdoc_classification\train\Potato_leaf_late_blight\train_Potato leaf late blight_16.jpg,Potato_leaf_late_blight,plantdoc_classification
datasets\raw\plantdoc_classification\train\Strawberry_leaf\train_Strawberry leaf_67.jpg,Strawberry_leaf,plantdoc_classification
datasets\raw\plantdoc_classification\train\Corn_leaf_blight\train_Corn leaf blight_36.jpg,Corn_leaf_blight,plantdoc_classification
datasets\raw\plantdoc_classification\train\Tomato_leaf_bacterial_spot\train_Tomato leaf bacterial spot_94.jpg,Tomato_leaf_bacterial_spot,plantdoc_classification
datasets\raw\plantdoc_classification\train\Corn_leaf_blight\train_Corn leaf blight_38.jpg,Corn_leaf_blight,plantdoc_classification
datasets\raw\plantdoc_classification\train\Strawberry_leaf\train_Strawberry leaf_52.jpg,Strawberry_leaf,plantdoc_classification
datasets\raw\plantdoc_classification\train\Tomato_Septoria_leaf_spot\train_Tomato Septoria leaf spot_11.jpg,Tomato_Septoria_leaf_spot,plantdoc_classification
datasets\raw\plantdoc_classification\train\Apple_leaf\train_Apple leaf_11.jpg,Apple_leaf,plantdoc_classification
datasets\raw\plantdoc_classification\train\Blueberry_leaf\train_Blueberry leaf_53.jpg,Blueberry_leaf,plantdoc_classification
datasets\raw\plantdoc_classification\train\Potato_leaf_early_blight\train_Potato leaf early blight_99_2.jpg,Potato_leaf_early_blight,plantdoc_classification
datasets\raw\plantdoc_classification\train\Tomato_Septoria_leaf_spot\train_Tomato Septoria leaf spot_87.jpg,Tomato_Septoria_leaf_spot,plantdoc_classification
datasets\raw\plantdoc_classification\train\Bell_pepper_leaf_spot\train_Bell_pepper leaf spot_40.jpg,Bell_pepper_leaf_spot,plantdoc_classification
datasets\raw\plantdoc_classification\train\Tomato_leaf_late_blight\train_Tomato leaf late blight_93.jpg,Tomato_leaf_late_blight,plantdoc_classification
datasets\raw\plantdoc_classification\train\Soyabean_leaf\train_Soyabean leaf_51.jpg,Soyabean_leaf,plantdoc_classification
datasets\raw\plantdoc_classification\train\Apple_rust_leaf\train_Apple rust leaf_71_2.jpg,Apple_rust_leaf,plantdoc_classification
datasets\raw\plantdoc_classification\train\Tomato_Early_blight_leaf\train_Tomato Early blight leaf_3.jpg,Tomato_Early_blight_leaf,plantdoc_classification
datasets\raw\plantdoc_classification\train\Tomato_leaf_yellow_virus\train_Tomato leaf yellow virus_39_4.jpg,Tomato_leaf_yellow_virus,plantdoc_classification
datasets\raw\plantdoc_classification\train\Potato_leaf_early_blight\train_Potato leaf early blight_94_3.jpg,Potato_leaf_early_blight,plantdoc_classification
datasets\raw\plantdoc_classification\train\Raspberry_leaf\train_Raspberry leaf_104.jpg,Raspberry_leaf,plantdoc_classification
datasets\raw\plantdoc_classification\train\Potato_leaf_early_blight\train_Potato leaf early blight_41_3.jpg,Potato_leaf_early_blight,plantdoc_classification
datasets\raw\plantdoc_classification\train\Tomato_mold_leaf\train_Tomato mold leaf_59.jpg,Tomato_mold_leaf,plantdoc_classification
datasets\raw\plantdoc_classification\train\Tomato_leaf_mosaic_virus\train_Tomato leaf mosaic virus_21.jpg,Tomato_leaf_mosaic_virus,plantdoc_classification
datasets\raw\plantdoc_classification\train\Tomato_leaf_yellow_virus\train_Tomato leaf yellow virus_8_35.jpg,Tomato_leaf_yellow_virus,plantdoc_classification
datasets\raw\plantdoc_classification\train\grape_leaf_black_rot\train_grape leaf black rot_33.jpg,grape_leaf_black_rot,plantdoc_classification
datasets\raw\plantdoc_classification\train\Tomato_leaf_yellow_virus\train_Tomato leaf yellow virus_40_2.jpg,Tomato_leaf_yellow_virus,plantdoc_classification
datasets\raw\plantdoc_classification\train\Potato_leaf_early_blight\train_Potato leaf early blight_78_1.jpg,Potato_leaf_early_blight,plantdoc_classification
datasets\raw\plantdoc_classification\train\Potato_leaf_late_blight\train_Potato leaf late blight_38_2.jpg,Potato_leaf_late_blight,plantdoc_classification
datasets\raw\plantdoc_classification\train\Apple_rust_leaf\train_Apple rust leaf_57_1.jpg,Apple_rust_leaf,plantdoc_classification
datasets\raw\plantdoc_classification\train\Tomato_Early_blight_leaf\train_Tomato Early blight leaf_7.jpg,Tomato_Early_blight_leaf,plantdoc_classification
datasets\raw\plantdoc_classification\train\Tomato_leaf\train_Tomato leaf_7.jpg,Tomato_leaf,plantdoc_classification
datasets\raw\plantdoc_classification\train\Blueberry_leaf\train_Blueberry leaf_13.jpg,Blueberry_leaf,plantdoc_classification
datasets\raw\plantdoc_classification\train\Corn_Gray_leaf_spot\train_Corn Gray leaf spot_28.jpg,Corn_Gray_leaf_spot,plantdoc_classification
datasets\raw\plantdoc_classification\train\Tomato_leaf_bacterial_spot\train_Tomato leaf bacterial spot_74.jpg,Tomato_leaf_bacterial_spot,plantdoc_classification
datasets\raw\plantdoc_classification\train\grape_leaf_black_rot\train_grape leaf black rot_52_1.jpg,grape_leaf_black_rot,plantdoc_classification
datasets\raw\plantdoc_classification\train\Tomato_leaf_mosaic_virus\train_Tomato leaf mosaic virus_25.jpg,Tomato_leaf_mosaic_virus,plantdoc_classification
datasets\raw\plantdoc_classification\train\Potato_leaf_late_blight\train_Potato leaf late blight_71.jpg,Potato_leaf_late_blight,plantdoc_classification
datasets\raw\plantdoc_classification\train\Apple_leaf\train_Apple leaf_56.jpg,Apple_leaf,plantdoc_classification
datasets\raw\plantdoc_classification\train\Tomato_Septoria_leaf_spot\train_Tomato Septoria leaf spot_128.jpg,Tomato_Septoria_leaf_spot,plantdoc_classification
datasets\raw\plantdoc_classification\train\grape_leaf\train_grape leaf_27.jpg,grape_leaf,plantdoc_classification
datasets\raw\plantdoc_classification\train\Blueberry_leaf\train_Blueberry leaf_61.jpg,Blueberry_leaf,plantdoc_classification
datasets\raw\plantdoc_classification\train\Corn_rust_leaf\train_Corn rust leaf_92.jpg,Corn_rust_leaf,plantdoc_classification
datasets\raw\plantdoc_classification\train\Bell_pepper_leaf_spot\train_Bell_pepper leaf spot_2_1.jpg,Bell_pepper_leaf_spot,plantdoc_classification
datasets\raw\plantdoc_classification\train\Tomato_Early_blight_leaf\train_Tomato Early blight leaf_37.jpg,Tomato_Early_blight_leaf,plantdoc_classification
datasets\raw\plantdoc_classification\train\Peach_leaf\train_Peach leaf_10.jpg,Peach_leaf,plantdoc_classification
datasets\raw\plantdoc_classification\train\Tomato_leaf\train_Tomato leaf_47.jpg,Tomato_leaf,plantdoc_classification
datasets\raw\plantdoc_classification\train\Potato_leaf_early_blight\train_Potato leaf early blight_74.jpg,Potato_leaf_early_blight,plantdoc_classification
datasets\raw\plantdoc_classification\train\Peach_leaf\train_Peach leaf_7.jpg,Peach_leaf,plantdoc_classification
datasets\raw\plantdoc_classification\train\Strawberry_leaf\train_Strawberry leaf_44.jpg,Strawberry_leaf,plantdoc_classification
datasets\raw\plantdoc_classification\train\Cherry_leaf\train_Cherry leaf_11.jpg,Cherry_leaf,plantdoc_classification
datasets\raw\plantdoc_classification\train\Strawberry_leaf\train_Strawberry leaf_16.jpg,Strawberry_leaf,plantdoc_classification
datasets\raw\plantdoc_classification\train\Tomato_leaf_yellow_virus\train_Tomato leaf yellow virus_55_1.jpg,Tomato_leaf_yellow_virus,plantdoc_classification
datasets\raw\plantdoc_classification\train\Tomato_leaf_yellow_virus\train_Tomato leaf yellow virus_1_1.jpg,Tomato_leaf_yellow_virus,plantdoc_classification
datasets\raw\plantdoc_classification\train\Soyabean_leaf\train_Soyabean leaf_5.jpg,Soyabean_leaf,plantdoc_classification
datasets\raw\plantdoc_classification\train\Tomato_leaf_yellow_virus\train_Tomato leaf yellow virus_48_4.jpg,Tomato_leaf_yellow_virus,plantdoc_classification
datasets\raw\plantdoc_classification\train\Bell_pepper_leaf_spot\train_Bell_pepper leaf spot_1.jpg,Bell_pepper_leaf_spot,plantdoc_classification
datasets\raw\plantdoc_classification\train\Squash_Powdery_mildew_leaf\train_Squash Powdery mildew leaf_66.jpg,Squash_Powdery_mildew_leaf,plantdoc_classification
datasets\raw\plantdoc_classification\train\Potato_leaf_early_blight\train_Potato leaf early blight_41_4.jpg,Potato_leaf_early_blight,plantdoc_classification
datasets\raw\plantdoc_classification\train\Corn_rust_leaf\train_Corn rust leaf_26.jpg,Corn_rust_leaf,plantdoc_classification
datasets\raw\plantdoc_classification\train\Apple_Scab_Leaf\train_Apple Scab Leaf_81.jpg,Apple_Scab_Leaf,plantdoc_classification
datasets\raw\plantdoc_classification\train\Tomato_mold_leaf\train_Tomato mold leaf_45.jpg,Tomato_mold_leaf,plantdoc_classification
datasets\raw\plantdoc_classification\train\Soyabean_leaf\train_Soyabean leaf_35.jpg,Soyabean_leaf,plantdoc_classification
datasets\raw\plantdoc_classification\train\Squash_Powdery_mildew_leaf\train_Squash Powdery mildew leaf_24.jpg,Squash_Powdery_mildew_leaf,plantdoc_classification
datasets\raw\plantdoc_classification\train\Potato_leaf_late_blight\train_Potato leaf late blight_39_3.jpg,Potato_leaf_late_blight,plantdoc_classification
datasets\raw\plantdoc_classification\train\Soyabean_leaf\train_Soyabean leaf_22.jpg,Soyabean_leaf,plantdoc_classification
datasets\raw\plantdoc_classification\train\Cherry_leaf\train_Cherry leaf_14.jpg,Cherry_leaf,plantdoc_classification
datasets\raw\plantdoc_classification\train\Tomato_leaf_late_blight\train_Tomato leaf late blight_100.jpg,Tomato_leaf_late_blight,plantdoc_classification
datasets\raw\plantdoc_classification\train\Tomato_mold_leaf\train_Tomato mold leaf_19.jpg,Tomato_mold_leaf,plantdoc_classification
datasets\raw\plantdoc_classification\train\Tomato_leaf_yellow_virus\train_Tomato leaf yellow virus_58_2.jpg,Tomato_leaf_yellow_virus,plantdoc_classification
datasets\raw\plantdoc_classification\train\Tomato_leaf\train_Tomato leaf_33.jpg,Tomato_leaf,plantdoc_classification
datasets\raw\plantdoc_classification\train\Strawberry_leaf\train_Strawberry leaf_2.jpg,Strawberry_leaf,plantdoc_classification
datasets\raw\plantdoc_classification\train\Bell_pepper_leaf\train_Bell_pepper leaf_4.jpg,Bell_pepper_leaf,plantdoc_classification
datasets\raw\plantdoc_classification\train\Tomato_leaf_yellow_virus\train_Tomato leaf yellow virus_11_7.jpg,Tomato_leaf_yellow_virus,plantdoc_classification
datasets\raw\plantdoc_classification\train\grape_leaf_black_rot\train_grape leaf black rot_42.jpg,grape_leaf_black_rot,plantdoc_classification
datasets\raw\plantdoc_classification\train\Corn_Gray_leaf_spot\train_Corn Gray leaf spot_54.jpg,Corn_Gray_leaf_spot,plantdoc_classification
datasets\raw\plantdoc_classification\train\Bell_pepper_leaf\train_Bell_pepper leaf_32_2.jpg,Bell_pepper_leaf,plantdoc_classification
datasets\raw\plantdoc_classification\train\Cherry_leaf\train_Cherry leaf_36.jpg,Cherry_leaf,plantdoc_classification
datasets\raw\plantdoc_classification\train\Blueberry_leaf\train_Blueberry leaf_70.jpg,Blueberry_leaf,plantdoc_classification
datasets\raw\plantdoc_classification\train\Apple_rust_leaf\train_Apple rust leaf_71_1.jpg,Apple_rust_leaf,plantdoc_classification
datasets\raw\plantdoc_classification\train\Blueberry_leaf\train_Blueberry leaf_72.jpg,Blueberry_leaf,plantdoc_classification
datasets\raw\plantdoc_classification\train\grape_leaf\train_grape leaf_50.jpg,grape_leaf,plantdoc_classification
datasets\raw\plantdoc_classification\train\Tomato_leaf_late_blight\train_Tomato leaf late blight_22.jpg,Tomato_leaf_late_blight,plantdoc_classification
datasets\raw\plantdoc_classification\train\Peach_leaf\train_Peach leaf_43.jpg,Peach_leaf,plantdoc_classification
datasets\raw\plantdoc_classification\train\Squash_Powdery_mildew_leaf\train_Squash Powdery mildew leaf_85.jpg,Squash_Powdery_mildew_leaf,plantdoc_classification
datasets\raw\plantdoc_classification\train\Corn_Gray_leaf_spot\train_Corn Gray leaf spot_49.jpg,Corn_Gray_leaf_spot,plantdoc_classification
datasets\raw\plantdoc_classification\train\Corn_leaf_blight\train_Corn leaf blight_44.jpg,Corn_leaf_blight,plantdoc_classification
datasets\raw\plantdoc_classification\train\Tomato_Septoria_leaf_spot\train_Tomato Septoria leaf spot_101.jpg,Tomato_Septoria_leaf_spot,plantdoc_classification
datasets\raw\plantdoc_classification\train\Bell_pepper_leaf_spot\train_Bell_pepper leaf spot_5.jpg,Bell_pepper_leaf_spot,plantdoc_classification
datasets\raw\plantdoc_classification\train\Potato_leaf_late_blight\train_Potato leaf late blight_51.jpg,Potato_leaf_late_blight,plantdoc_classification
datasets\raw\plantdoc_classification\train\Potato_leaf_early_blight\train_Potato leaf early blight_101.jpg,Potato_leaf_early_blight,plantdoc_classification
datasets\raw\plantdoc_classification\train\Bell_pepper_leaf_spot\train_Bell_pepper leaf spot_32.jpg,Bell_pepper_leaf_spot,plantdoc_classification
datasets\raw\plantdoc_classification\train\Tomato_leaf_yellow_virus\train_Tomato leaf yellow virus_1_5.jpg,Tomato_leaf_yellow_virus,plantdoc_classification
datasets\raw\plantdoc_classification\train\Squash_Powdery_mildew_leaf\train_Squash Powdery mildew leaf_67.jpg,Squash_Powdery_mildew_leaf,plantdoc_classification
datasets\raw\plantdoc_classification\train\Bell_pepper_leaf_spot\train_Bell_pepper leaf spot_48.jpg,Bell_pepper_leaf_spot,plantdoc_classification
datasets\raw\plantdoc_classification\train\Tomato_leaf_yellow_virus\train_Tomato leaf yellow virus_46_1.jpg,Tomato_leaf_yellow_virus,plantdoc_classification
datasets\raw\plantdoc_classification\train\Apple_Scab_Leaf\train_Apple Scab Leaf_27.jpg,Apple_Scab_Leaf,plantdoc_classification
datasets\raw\plantdoc_classification\train\Raspberry_leaf\train_Raspberry leaf_35.jpg,Raspberry_leaf,plantdoc_classification
datasets\raw\plantdoc_classification\train\grape_leaf_black_rot\train_grape leaf black rot_48_3.jpg,grape_leaf_black_rot,plantdoc_classification
datasets\raw\plantdoc_classification\train\Squash_Powdery_mildew_leaf\train_Squash Powdery mildew leaf_76.jpg,Squash_Powdery_mildew_leaf,plantdoc_classification
datasets\raw\plantdoc_classification\train\Squash_Powdery_mildew_leaf\train_Squash Powdery mildew leaf_28.jpg,Squash_Powdery_mildew_leaf,plantdoc_classification
datasets\raw\plantdoc_classification\train\Tomato_leaf_yellow_virus\train_Tomato leaf yellow virus_1_4.jpg,Tomato_leaf_yellow_virus,plantdoc_classification
datasets\raw\plantdoc_classification\train\Tomato_leaf_yellow_virus\train_Tomato leaf yellow virus_21_2.jpg,Tomato_leaf_yellow_virus,plantdoc_classification
datasets\raw\plantdoc_classification\train\Squash_Powdery_mildew_leaf\train_Squash Powdery mildew leaf_27.jpg,Squash_Powdery_mildew_leaf,plantdoc_classification
datasets\raw\plantdoc_classification\train\Strawberry_leaf\train_Strawberry leaf_12.jpg,Strawberry_leaf,plantdoc_classification
datasets\raw\plantdoc_classification\train\Blueberry_leaf\train_Blueberry leaf_68.jpg,Blueberry_leaf,plantdoc_classification
datasets\raw\plantdoc_classification\train\Blueberry_leaf\train_Blueberry leaf_69.jpg,Blueberry_leaf,plantdoc_classification
datasets\raw\plantdoc_classification\train\grape_leaf_black_rot\train_grape leaf black rot_40.jpg,grape_leaf_black_rot,plantdoc_classification
datasets\raw\plantdoc_classification\train\Apple_Scab_Leaf\train_Apple Scab Leaf_56.jpg,Apple_Scab_Leaf,plantdoc_classification
datasets\raw\plantdoc_classification\train\Squash_Powdery_mildew_leaf\train_Squash Powdery mildew leaf_57.jpg,Squash_Powdery_mildew_leaf,plantdoc_classification
datasets\raw\plantdoc_classification\train\Tomato_leaf_mosaic_virus\train_Tomato leaf mosaic virus_8.jpg,Tomato_leaf_mosaic_virus,plantdoc_classification
datasets\raw\plantdoc_classification\train\Corn_Gray_leaf_spot\train_Corn Gray leaf spot_14.jpg,Corn_Gray_leaf_spot,plantdoc_classification
datasets\raw\plantdoc_classification\train\Tomato_leaf_bacterial_spot\train_Tomato leaf bacterial spot_97.jpg,Tomato_leaf_bacterial_spot,plantdoc_classification
datasets\raw\plantdoc_classification\train\Tomato_leaf_yellow_virus\train_Tomato leaf yellow virus_6_3.jpg,Tomato_leaf_yellow_virus,plantdoc_classification
datasets\raw\plantdoc_classification\train\Corn_rust_leaf\train_Corn rust leaf_62.jpg,Corn_rust_leaf,plantdoc_classification
datasets\raw\plantdoc_classification\train\Tomato_Septoria_leaf_spot\train_Tomato Septoria leaf spot_12.jpg,Tomato_Septoria_leaf_spot,plantdoc_classification
datasets\raw\plantdoc_classification\train\Tomato_leaf_bacterial_spot\train_Tomato leaf bacterial spot_19.jpg,Tomato_leaf_bacterial_spot,plantdoc_classification
datasets\raw\plantdoc_classification\train\grape_leaf_black_rot\train_grape leaf black rot_9.jpg,grape_leaf_black_rot,plantdoc_classification
datasets\raw\plantdoc_classification\train\Potato_leaf_late_blight\train_Potato leaf late blight_92_1.jpg,Potato_leaf_late_blight,plantdoc_classification
datasets\raw\plantdoc_classification\train\Potato_leaf_late_blight\train_Potato leaf late blight_53.jpg,Potato_leaf_late_blight,plantdoc_classification
datasets\raw\plantdoc_classification\train\Tomato_Septoria_leaf_spot\train_Tomato Septoria leaf spot_115.jpg,Tomato_Septoria_leaf_spot,plantdoc_classification
datasets\raw\plantdoc_classification\train\Tomato_Early_blight_leaf\train_Tomato Early blight leaf_5.jpg,Tomato_Early_blight_leaf,plantdoc_classification
datasets\raw\plantdoc_classification\train\Blueberry_leaf\train_Blueberry leaf_74.jpg,Blueberry_leaf,plantdoc_classification
datasets\raw\plantdoc_classification\train\Peach_leaf\train_Peach leaf_86.jpg,Peach_leaf,plantdoc_classification
datasets\raw\plantdoc_classification\train\Tomato_Early_blight_leaf\train_Tomato Early blight leaf_27.jpg,Tomato_Early_blight_leaf,plantdoc_classification
datasets\raw\plantdoc_classification\train\Corn_leaf_blight\train_Corn leaf blight_52.jpg,Corn_leaf_blight,plantdoc_classification
datasets\raw\plantdoc_classification\train\Cherry_leaf\train_Cherry leaf_38.jpg,Cherry_leaf,plantdoc_classification
datasets\raw\plantdoc_classification\train\Tomato_leaf_yellow_virus\train_Tomato leaf yellow virus_43.jpg,Tomato_leaf_yellow_virus,plantdoc_classification
datasets\raw\plantdoc_classification\train\Tomato_leaf_bacterial_spot\train_Tomato leaf bacterial spot_44.jpg,Tomato_leaf_bacterial_spot,plantdoc_classification
datasets\raw\plantdoc_classification\train\Tomato_leaf_yellow_virus\train_Tomato leaf yellow virus_40_4.jpg,Tomato_leaf_yellow_virus,plantdoc_classification
datasets\raw\plantdoc_classification\train\Tomato_leaf_yellow_virus\train_Tomato leaf yellow virus_46_9.jpg,Tomato_leaf_yellow_virus,plantdoc_classification
datasets\raw\plantdoc_classification\train\Squash_Powdery_mildew_leaf\train_Squash Powdery mildew leaf_6.jpg,Squash_Powdery_mildew_leaf,plantdoc_classification
datasets\raw\plantdoc_classification\train\Apple_leaf\train_Apple leaf_14.jpg,Apple_leaf,plantdoc_classification
datasets\raw\plantdoc_classification\train\grape_leaf\train_grape leaf_31_2.jpg,grape_leaf,plantdoc_classification
datasets\raw\plantdoc_classification\train\Potato_leaf_late_blight\train_Potato leaf late blight_12_5.jpg,Potato_leaf_late_blight,plantdoc_classification
datasets\raw\plantdoc_classification\train\Tomato_Septoria_leaf_spot\train_Tomato Septoria leaf spot_114.jpg,Tomato_Septoria_leaf_spot,plantdoc_classification
datasets\raw\plantdoc_classification\train\Tomato_leaf_late_blight\train_Tomato leaf late blight_72.jpg,Tomato_leaf_late_blight,plantdoc_classification
datasets\raw\plantdoc_classification\train\Potato_leaf_late_blight\train_Potato leaf late blight_42_4.jpg,Potato_leaf_late_blight,plantdoc_classification
datasets\raw\plantdoc_classification\train\Tomato_leaf_bacterial_spot\train_Tomato leaf bacterial spot_31.jpg,Tomato_leaf_bacterial_spot,plantdoc_classification
datasets\raw\plantdoc_classification\train\Soyabean_leaf\train_Soyabean leaf_28.jpg,Soyabean_leaf,plantdoc_classification
datasets\raw\plantdoc_classification\train\Apple_leaf\train_Apple leaf_34.jpg,Apple_leaf,plantdoc_classification
datasets\raw\plantdoc_classification\train\Apple_Scab_Leaf\train_Apple Scab Leaf_57.jpg,Apple_Scab_Leaf,plantdoc_classification
datasets\raw\plantdoc_classification\train\Apple_rust_leaf\train_Apple rust leaf_59.jpg,Apple_rust_leaf,plantdoc_classification
datasets\raw\plantdoc_classification\train\Strawberry_leaf\train_Strawberry leaf_71.jpg,Strawberry_leaf,plantdoc_classification
datasets\raw\plantdoc_classification\train\Corn_rust_leaf\train_Corn rust leaf_39.jpg,Corn_rust_leaf,plantdoc_classification
datasets\raw\plantdoc_classification\train\Apple_rust_leaf\train_Apple rust leaf_47_3.jpg,Apple_rust_leaf,plantdoc_classification
datasets\raw\plantdoc_classification\train\Tomato_leaf_yellow_virus\train_Tomato leaf yellow virus_53_1.jpg,Tomato_leaf_yellow_virus,plantdoc_classification
datasets\raw\plantdoc_classification\train\Bell_pepper_leaf\train_Bell_pepper leaf_5.jpg,Bell_pepper_leaf,plantdoc_classification
datasets\raw\plantdoc_classification\train\Tomato_leaf_late_blight\train_Tomato leaf late blight_56.jpg,Tomato_leaf_late_blight,plantdoc_classification
datasets\raw\plantdoc_classification\train\Bell_pepper_leaf\train_Bell_pepper leaf_29.jpg,Bell_pepper_leaf,plantdoc_classification
datasets\raw\plantdoc_classification\train\Blueberry_leaf\train_Blueberry leaf_89.jpg,Blueberry_leaf,plantdoc_classification
datasets\raw\plantdoc_classification\train\Tomato_Septoria_leaf_spot\train_Tomato Septoria leaf spot_24.jpg,Tomato_Septoria_leaf_spot,plantdoc_classification
datasets\raw\plantdoc_classification\train\Corn_Gray_leaf_spot\train_Corn Gray leaf spot_17.jpg,Corn_Gray_leaf_spot,plantdoc_classification
datasets\raw\plantdoc_classification\train\Tomato_leaf_late_blight\train_Tomato leaf late blight_6.jpg,Tomato_leaf_late_blight,plantdoc_classification
datasets\raw\plantdoc_classification\train\Corn_leaf_blight\train_Corn leaf blight_79.jpg,Corn_leaf_blight,plantdoc_classification
datasets\raw\plantdoc_classification\train\Potato_leaf_late_blight\train_Potato leaf late blight_36_3.jpg,Potato_leaf_late_blight,plantdoc_classification
datasets\raw\plantdoc_classification\train\Strawberry_leaf\train_Strawberry leaf_85.jpg,Strawberry_leaf,plantdoc_classification
datasets\raw\plantdoc_classification\train\Corn_leaf_blight\train_Corn leaf blight_90.jpg,Corn_leaf_blight,plantdoc_classification
datasets\raw\plantdoc_classification\train\Tomato_leaf_yellow_virus\train_Tomato leaf yellow virus_25_2.jpg,Tomato_leaf_yellow_virus,plantdoc_classification
datasets\raw\plantdoc_classification\train\Corn_rust_leaf\train_Corn rust leaf_21.jpg,Corn_rust_leaf,plantdoc_classification
datasets\raw\plantdoc_classification\train\Tomato_leaf_bacterial_spot\train_Tomato leaf bacterial spot_33.jpg,Tomato_leaf_bacterial_spot,plantdoc_classification
datasets\raw\plantdoc_classification\train\Corn_leaf_blight\train_Corn leaf blight_174.jpg,Corn_leaf_blight,plantdoc_classification
datasets\raw\plantdoc_classification\train\Tomato_leaf_late_blight\train_Tomato leaf late blight_17.jpg,Tomato_leaf_late_blight,plantdoc_classification
datasets\raw\plantdoc_classification\train\Tomato_leaf_yellow_virus\train_Tomato leaf yellow virus_15.jpg,Tomato_leaf_yellow_virus,plantdoc_classification
datasets\raw\plantdoc_classification\train\Potato_leaf_late_blight\train_Potato leaf late blight_92_2.jpg,Potato_leaf_late_blight,plantdoc_classification
datasets\raw\plantdoc_classification\train\Tomato_Septoria_leaf_spot\train_Tomato Septoria leaf spot_90.jpg,Tomato_Septoria_leaf_spot,plantdoc_classification
datasets\raw\plantdoc_classification\train\Tomato_leaf\train_Tomato leaf_19.jpg,Tomato_leaf,plantdoc_classification
datasets\raw\plantdoc_classification\train\Peach_leaf\train_Peach leaf_57.jpg,Peach_leaf,plantdoc_classification
datasets\raw\plantdoc_classification\train\Tomato_leaf_yellow_virus\train_Tomato leaf yellow virus_46_7.jpg,Tomato_leaf_yellow_virus,plantdoc_classification
datasets\raw\plantdoc_classification\train\Tomato_leaf_yellow_virus\train_Tomato leaf yellow virus_46_8.jpg,Tomato_leaf_yellow_virus,plantdoc_classification
datasets\raw\plantdoc_classification\train\Potato_leaf_early_blight\train_Potato leaf early blight_38.jpg,Potato_leaf_early_blight,plantdoc_classification
datasets\raw\plantdoc_classification\train\Squash_Powdery_mildew_leaf\train_Squash Powdery mildew leaf_77.jpg,Squash_Powdery_mildew_leaf,plantdoc_classification
datasets\raw\plantdoc_classification\train\Potato_leaf_early_blight\train_Potato leaf early blight_56.jpg,Potato_leaf_early_blight,plantdoc_classification
datasets\raw\plantdoc_classification\train\Corn_Gray_leaf_spot\train_Corn Gray leaf spot_21.jpg,Corn_Gray_leaf_spot,plantdoc_classification
datasets\raw\plantdoc_classification\train\Squash_Powdery_mildew_leaf\train_Squash Powdery mildew leaf_49.jpg,Squash_Powdery_mildew_leaf,plantdoc_classification
datasets\raw\plantdoc_classification\train\grape_leaf_black_rot\train_grape leaf black rot_14.jpg,grape_leaf_black_rot,plantdoc_classification
datasets\raw\plantdoc_classification\train\Tomato_leaf_late_blight\train_Tomato leaf late blight_32.jpg,Tomato_leaf_late_blight,plantdoc_classification
datasets\raw\plantdoc_classification\train\Tomato_leaf_yellow_virus\train_Tomato leaf yellow virus_51_2.jpg,Tomato_leaf_yellow_virus,plantdoc_classification
datasets\raw\plantdoc_classification\train\Tomato_leaf_bacterial_spot\train_Tomato leaf bacterial spot_42.jpg,Tomato_leaf_bacterial_spot,plantdoc_classification
datasets\raw\plantdoc_classification\train\Tomato_Septoria_leaf_spot\train_Tomato Septoria leaf spot_56.jpg,Tomato_Septoria_leaf_spot,plantdoc_classification
datasets\raw\plantdoc_classification\train\Tomato_leaf_yellow_virus\train_Tomato leaf yellow virus_3_7.jpg,Tomato_leaf_yellow_virus,plantdoc_classification
datasets\raw\plantdoc_classification\train\Corn_leaf_blight\train_Corn leaf blight_152.jpg,Corn_leaf_blight,plantdoc_classification
datasets\raw\plantdoc_classification\train\Tomato_Septoria_leaf_spot\train_Tomato Septoria leaf spot_5_2.jpg,Tomato_Septoria_leaf_spot,plantdoc_classification
datasets\raw\plantdoc_classification\train\Blueberry_leaf\train_Blueberry leaf_27.jpg,Blueberry_leaf,plantdoc_classification
datasets\raw\plantdoc_classification\train\Peach_leaf\train_Peach leaf_85.jpg,Peach_leaf,plantdoc_classification
datasets\raw\plantdoc_classification\train\Raspberry_leaf\train_Raspberry leaf_27.jpg,Raspberry_leaf,plantdoc_classification
datasets\raw\plantdoc_classification\train\Tomato_Early_blight_leaf\train_Tomato Early blight leaf_75.jpg,Tomato_Early_blight_leaf,plantdoc_classification
datasets\raw\plantdoc_classification\train\Squash_Powdery_mildew_leaf\train_Squash Powdery mildew leaf_11.jpg,Squash_Powdery_mildew_leaf,plantdoc_classification
datasets\raw\plantdoc_classification\train\grape_leaf\train_grape leaf_49_2.jpg,grape_leaf,plantdoc_classification
datasets\raw\plantdoc_classification\train\Squash_Powdery_mildew_leaf\train_Squash Powdery mildew leaf_56.jpg,Squash_Powdery_mildew_leaf,plantdoc_classification
datasets\raw\plantdoc_classification\train\Apple_rust_leaf\train_Apple rust leaf_49.jpg,Apple_rust_leaf,plantdoc_classification
datasets\raw\plantdoc_classification\train\Potato_leaf_early_blight\train_Potato leaf early blight_4.jpg,Potato_leaf_early_blight,plantdoc_classification
datasets\raw\plantdoc_classification\train\Corn_leaf_blight\train_Corn leaf blight_133.jpg,Corn_leaf_blight,plantdoc_classification
datasets\raw\plantdoc_classification\train\Tomato_leaf_bacterial_spot\train_Tomato leaf bacterial spot_20.jpg,Tomato_leaf_bacterial_spot,plantdoc_classification
datasets\raw\plantdoc_classification\train\Corn_leaf_blight\train_Corn leaf blight_159.jpg,Corn_leaf_blight,plantdoc_classification
datasets\raw\plantdoc_classification\train\Tomato_Septoria_leaf_spot\train_Tomato Septoria leaf spot_134_6.jpg,Tomato_Septoria_leaf_spot,plantdoc_classification
datasets\raw\plantdoc_classification\train\Potato_leaf_early_blight\train_Potato leaf early blight_92.jpg,Potato_leaf_early_blight,plantdoc_classification
datasets\raw\plantdoc_classification\train\Tomato_leaf_yellow_virus\train_Tomato leaf yellow virus_29.jpg,Tomato_leaf_yellow_virus,plantdoc_classification
datasets\raw\plantdoc_classification\train\Corn_Gray_leaf_spot\train_Corn Gray leaf spot_33.jpg,Corn_Gray_leaf_spot,plantdoc_classification
datasets\raw\plantdoc_classification\train\Corn_rust_leaf\train_Corn rust leaf_66.jpg,Corn_rust_leaf,plantdoc_classification
datasets\raw\plantdoc_classification\train\Tomato_leaf_yellow_virus\train_Tomato leaf yellow virus_11_3.jpg,Tomato_leaf_yellow_virus,plantdoc_classification
datasets\raw\plantdoc_classification\train\Apple_rust_leaf\train_Apple rust leaf_67.jpg,Apple_rust_leaf,plantdoc_classification
datasets\raw\plantdoc_classification\train\Apple_leaf\train_Apple leaf_8.jpg,Apple_leaf,plantdoc_classification
datasets\raw\plantdoc_classification\train\Raspberry_leaf\train_Raspberry leaf_93.jpg,Raspberry_leaf,plantdoc_classification
datasets\raw\plantdoc_classification\train\Blueberry_leaf\train_Blueberry leaf_103.jpg,Blueberry_leaf,plantdoc_classification
datasets\raw\plantdoc_classification\train\Corn_leaf_blight\train_Corn leaf blight_56.jpg,Corn_leaf_blight,plantdoc_classification
datasets\raw\plantdoc_classification\train\Apple_Scab_Leaf\train_Apple Scab Leaf_82.jpg,Apple_Scab_Leaf,plantdoc_classification
datasets\raw\plantdoc_classification\train\Peach_leaf\train_Peach leaf_24.jpg,Peach_leaf,plantdoc_classification
datasets\raw\plantdoc_classification\train\Potato_leaf_late_blight\train_Potato leaf late blight_80_4.jpg,Potato_leaf_late_blight,plantdoc_classification
datasets\raw\plantdoc_classification\train\Tomato_Early_blight_leaf\train_Tomato Early blight leaf_71.jpg,Tomato_Early_blight_leaf,plantdoc_classification
datasets\raw\plantdoc_classification\train\Soyabean_leaf\train_Soyabean leaf_16.jpg,Soyabean_leaf,plantdoc_classification
datasets\raw\plantdoc_classification\train\Apple_rust_leaf\train_Apple rust leaf_61.jpg,Apple_rust_leaf,plantdoc_classification
datasets\raw\plantdoc_classification\train\Corn_rust_leaf\train_Corn rust leaf_20.jpg,Corn_rust_leaf,plantdoc_classification
datasets\raw\plantdoc_classification\train\Tomato_mold_leaf\train_Tomato mold leaf_55.jpg,Tomato_mold_leaf,plantdoc_classification
datasets\raw\plantdoc_classification\train\grape_leaf_black_rot\train_grape leaf black rot_45_2.jpg,grape_leaf_black_rot,plantdoc_classification
datasets\raw\plantdoc_classification\train\Blueberry_leaf\train_Blueberry leaf_14.jpg,Blueberry_leaf,plantdoc_classification
datasets\raw\plantdoc_classification\train\Raspberry_leaf\train_Raspberry leaf_54.jpg,Raspberry_leaf,plantdoc_classification
datasets\raw\plantdoc_classification\train\Potato_leaf_late_blight\train_Potato leaf late blight_65_1.jpg,Potato_leaf_late_blight,plantdoc_classification
datasets\raw\plantdoc_classification\train\Potato_leaf_late_blight\train_Potato leaf late blight_42_6.jpg,Potato_leaf_late_blight,plantdoc_classification
datasets\raw\plantdoc_classification\train\Potato_leaf_late_blight\train_Potato leaf late blight_48_1.jpg,Potato_leaf_late_blight,plantdoc_classification
datasets\raw\plantdoc_classification\train\Bell_pepper_leaf_spot\train_Bell_pepper leaf spot_42_2.jpg,Bell_pepper_leaf_spot,plantdoc_classification
datasets\raw\plantdoc_classification\train\Corn_leaf_blight\train_Corn leaf blight_137.jpg,Corn_leaf_blight,plantdoc_classification
datasets\raw\plantdoc_classification\train\Tomato_leaf_bacterial_spot\train_Tomato leaf bacterial spot_14.jpg,Tomato_leaf_bacterial_spot,plantdoc_classification
datasets\raw\plantdoc_classification\train\Tomato_leaf_bacterial_spot\train_Tomato leaf bacterial spot_68.jpg,Tomato_leaf_bacterial_spot,plantdoc_classification
datasets\raw\plantdoc_classification\train\Tomato_leaf_yellow_virus\train_Tomato leaf yellow virus_8_31.jpg,Tomato_leaf_yellow_virus,plantdoc_classification
datasets\raw\plantdoc_classification\train\Raspberry_leaf\train_Raspberry leaf_79.jpg,Raspberry_leaf,plantdoc_classification
datasets\raw\plantdoc_classification\train\Peach_leaf\train_Peach leaf_42.jpg,Peach_leaf,plantdoc_classification
datasets\raw\plantdoc_classification\train\Tomato_leaf_bacterial_spot\train_Tomato leaf bacterial spot_12.jpg,Tomato_leaf_bacterial_spot,plantdoc_classification
datasets\raw\plantdoc_classification\train\Apple_Scab_Leaf\train_Apple Scab Leaf_31.jpg,Apple_Scab_Leaf,plantdoc_classification
datasets\raw\plantdoc_classification\train\Raspberry_leaf\train_Raspberry leaf_24.jpg,Raspberry_leaf,plantdoc_classification
datasets\raw\plantdoc_classification\train\Corn_leaf_blight\train_Corn leaf blight_58.jpg,Corn_leaf_blight,plantdoc_classification
datasets\raw\plantdoc_classification\train\Tomato_leaf_yellow_virus\train_Tomato leaf yellow virus_12_6.jpg,Tomato_leaf_yellow_virus,plantdoc_classification
datasets\raw\plantdoc_classification\train\Blueberry_leaf\train_Blueberry leaf_106.jpg,Blueberry_leaf,plantdoc_classification
datasets\raw\plantdoc_classification\train\Apple_rust_leaf\train_Apple rust leaf_39_1.jpg,Apple_rust_leaf,plantdoc_classification
datasets\raw\plantdoc_classification\train\Potato_leaf_late_blight\train_Potato leaf late blight_55_10.jpg,Potato_leaf_late_blight,plantdoc_classification
datasets\raw\plantdoc_classification\train\Tomato_leaf_yellow_virus\train_Tomato leaf yellow virus_8_16.jpg,Tomato_leaf_yellow_virus,plantdoc_classification
datasets\raw\plantdoc_classification\train\Tomato_Septoria_leaf_spot\train_Tomato Septoria leaf spot_110.jpg,Tomato_Septoria_leaf_spot,plantdoc_classification
datasets\raw\plantdoc_classification\train\Tomato_mold_leaf\train_Tomato mold leaf_82.jpg,Tomato_mold_leaf,plantdoc_classification
datasets\raw\plantdoc_classification\train\grape_leaf\train_grape leaf_44.jpg,grape_leaf,plantdoc_classification
datasets\raw\plantdoc_classification\train\Strawberry_leaf\train_Strawberry leaf_6.jpg,Strawberry_leaf,plantdoc_classification
datasets\raw\plantdoc_classification\train\Corn_leaf_blight\train_Corn leaf blight_138.jpg,Corn_leaf_blight,plantdoc_classification
datasets\raw\plantdoc_classification\train\Raspberry_leaf\train_Raspberry leaf_42.jpg,Raspberry_leaf,plantdoc_classification
datasets\raw\plantdoc_classification\train\Cherry_leaf\train_Cherry leaf_30.jpg,Cherry_leaf,plantdoc_classification
datasets\raw\plantdoc_classification\train\Tomato_Septoria_leaf_spot\train_Tomato Septoria leaf spot_102.jpg,Tomato_Septoria_leaf_spot,plantdoc_classification
datasets\raw\plantdoc_classification\train\Squash_Powdery_mildew_leaf\train_Squash Powdery mildew leaf_90.jpg,Squash_Powdery_mildew_leaf,plantdoc_classification
datasets\raw\plantdoc_classification\train\Squash_Powdery_mildew_leaf\train_Squash Powdery mildew leaf_17.jpg,Squash_Powdery_mildew_leaf,plantdoc_classification
datasets\raw\plantdoc_classification\train\Tomato_Septoria_leaf_spot\train_Tomato Septoria leaf spot_48.jpg,Tomato_Septoria_leaf_spot,plantdoc_classification
datasets\raw\plantdoc_classification\train\Tomato_Septoria_leaf_spot\train_Tomato Septoria leaf spot_65.jpg,Tomato_Septoria_leaf_spot,plantdoc_classification
datasets\raw\plantdoc_classification\train\Potato_leaf_late_blight\train_Potato leaf late blight_69_2.jpg,Potato_leaf_late_blight,plantdoc_classification
datasets\raw\plantdoc_classification\train\Corn_leaf_blight\train_Corn leaf blight_114.jpg,Corn_leaf_blight,plantdoc_classification
datasets\raw\plantdoc_classification\train\Peach_leaf\train_Peach leaf_69.jpg,Peach_leaf,plantdoc_classification
datasets\raw\plantdoc_classification\train\Tomato_Early_blight_leaf\train_Tomato Early blight leaf_77.jpg,Tomato_Early_blight_leaf,plantdoc_classification
datasets\raw\plantdoc_classification\train\Strawberry_leaf\train_Strawberry leaf_77.jpg,Strawberry_leaf,plantdoc_classification
datasets\raw\plantdoc_classification\train\Tomato_Early_blight_leaf\train_Tomato Early blight leaf_31.jpg,Tomato_Early_blight_leaf,plantdoc_classification
datasets\raw\plantdoc_classification\train\Tomato_leaf_late_blight\train_Tomato leaf late blight_2.jpg,Tomato_leaf_late_blight,plantdoc_classification
datasets\raw\plantdoc_classification\train\Tomato_Early_blight_leaf\train_Tomato Early blight leaf_58.jpg,Tomato_Early_blight_leaf,plantdoc_classification
datasets\raw\plantdoc_classification\train\Corn_rust_leaf\train_Corn rust leaf_65.jpg,Corn_rust_leaf,plantdoc_classification
datasets\raw\plantdoc_classification\train\Corn_rust_leaf\train_Corn rust leaf_14.jpg,Corn_rust_leaf,plantdoc_classification
datasets\raw\plantdoc_classification\train\Tomato_mold_leaf\train_Tomato mold leaf_3.jpg,Tomato_mold_leaf,plantdoc_classification
datasets\raw\plantdoc_classification\train\Corn_leaf_blight\train_Corn leaf blight_78.jpg,Corn_leaf_blight,plantdoc_classification
datasets\raw\plantdoc_classification\train\Strawberry_leaf\train_Strawberry leaf_24.jpg,Strawberry_leaf,plantdoc_classification
datasets\raw\plantdoc_classification\train\Blueberry_leaf\train_Blueberry leaf_99.jpg,Blueberry_leaf,plantdoc_classification
datasets\raw\plantdoc_classification\train\Tomato_leaf_bacterial_spot\train_Tomato leaf bacterial spot_11.jpg,Tomato_leaf_bacterial_spot,plantdoc_classification
datasets\raw\plantdoc_classification\train\grape_leaf\train_grape leaf_3.jpg,grape_leaf,plantdoc_classification
datasets\raw\plantdoc_classification\train\Tomato_leaf_yellow_virus\train_Tomato leaf yellow virus_65_2.jpg,Tomato_leaf_yellow_virus,plantdoc_classification
datasets\raw\plantdoc_classification\train\grape_leaf\train_grape leaf_48.jpg,grape_leaf,plantdoc_classification
datasets\raw\plantdoc_classification\train\Tomato_Early_blight_leaf\train_Tomato Early blight leaf_25.jpg,Tomato_Early_blight_leaf,plantdoc_classification
datasets\raw\plantdoc_classification\train\Tomato_mold_leaf\train_Tomato mold leaf_68.jpg,Tomato_mold_leaf,plantdoc_classification
datasets\raw\plantdoc_classification\train\Blueberry_leaf\train_Blueberry leaf_45.jpg,Blueberry_leaf,plantdoc_classification
datasets\raw\plantdoc_classification\train\Potato_leaf_early_blight\train_Potato leaf early blight_50.jpg,Potato_leaf_early_blight,plantdoc_classification
datasets\raw\plantdoc_classification\train\grape_leaf\train_grape leaf_25.jpg,grape_leaf,plantdoc_classification
datasets\raw\plantdoc_classification\train\Tomato_leaf_yellow_virus\train_Tomato leaf yellow virus_6_1.jpg,Tomato_leaf_yellow_virus,plantdoc_classification
datasets\raw\plantdoc_classification\train\Potato_leaf_late_blight\train_Potato leaf late blight_35_5.jpg,Potato_leaf_late_blight,plantdoc_classification
datasets\raw\plantdoc_classification\train\Tomato_leaf_late_blight\train_Tomato leaf late blight_16.jpg,Tomato_leaf_late_blight,plantdoc_classification
datasets\raw\plantdoc_classification\train\Bell_pepper_leaf_spot\train_Bell_pepper leaf spot_20_2.jpg,Bell_pepper_leaf_spot,plantdoc_classification
datasets\raw\plantdoc_classification\train\Potato_leaf_late_blight\train_Potato leaf late blight_82.jpg,Potato_leaf_late_blight,plantdoc_classification
datasets\raw\plantdoc_classification\train\Tomato_mold_leaf\train_Tomato mold leaf_46.jpg,Tomato_mold_leaf,plantdoc_classification
datasets\raw\plantdoc_classification\train\Corn_leaf_blight\train_Corn leaf blight_92.jpg,Corn_leaf_blight,plantdoc_classification
datasets\raw\plantdoc_classification\train\Tomato_leaf_yellow_virus\train_Tomato leaf yellow virus_8_15.jpg,Tomato_leaf_yellow_virus,plantdoc_classification
datasets\raw\plantdoc_classification\train\Blueberry_leaf\train_Blueberry leaf_55.jpg,Blueberry_leaf,plantdoc_classification
datasets\raw\plantdoc_classification\train\Apple_rust_leaf\train_Apple rust leaf_48.jpg,Apple_rust_leaf,plantdoc_classification
datasets\raw\plantdoc_classification\train\Blueberry_leaf\train_Blueberry leaf_71.jpg,Blueberry_leaf,plantdoc_classification
datasets\raw\plantdoc_classification\train\Potato_leaf_late_blight\train_Potato leaf late blight_73.jpg,Potato_leaf_late_blight,plantdoc_classification
datasets\raw\plantdoc_classification\train\Tomato_leaf_yellow_virus\train_Tomato leaf yellow virus_8_25.jpg,Tomato_leaf_yellow_virus,plantdoc_classification
datasets\raw\plantdoc_classification\train\Tomato_leaf_bacterial_spot\train_Tomato leaf bacterial spot_96.jpg,Tomato_leaf_bacterial_spot,plantdoc_classification
datasets\raw\plantdoc_classification\train\Squash_Powdery_mildew_leaf\train_Squash Powdery mildew leaf_35.jpg,Squash_Powdery_mildew_leaf,plantdoc_classification
datasets\raw\plantdoc_classification\train\Raspberry_leaf\train_Raspberry leaf_71.jpg,Raspberry_leaf,plantdoc_classification
datasets\raw\plantdoc_classification\train\Tomato_leaf_mosaic_virus\train_Tomato leaf mosaic virus_18.jpg,Tomato_leaf_mosaic_virus,plantdoc_classification
datasets\raw\plantdoc_classification\train\Tomato_Septoria_leaf_spot\train_Tomato Septoria leaf spot_134_7.jpg,Tomato_Septoria_leaf_spot,plantdoc_classification
datasets\raw\plantdoc_classification\train\Raspberry_leaf\train_Raspberry leaf_94.jpg,Raspberry_leaf,plantdoc_classification
datasets\raw\plantdoc_classification\train\Apple_rust_leaf\train_Apple rust leaf_35.jpg,Apple_rust_leaf,plantdoc_classification
datasets\raw\plantdoc_classification\train\Blueberry_leaf\train_Blueberry leaf_78.jpg,Blueberry_leaf,plantdoc_classification
datasets\raw\plantdoc_classification\train\grape_leaf_black_rot\train_grape leaf black rot_5.jpg,grape_leaf_black_rot,plantdoc_classification
datasets\raw\plantdoc_classification\train\Potato_leaf_late_blight\train_Potato leaf late blight_79.jpg,Potato_leaf_late_blight,plantdoc_classification
datasets\raw\plantdoc_classification\train\Squash_Powdery_mildew_leaf\train_Squash Powdery mildew leaf_103.jpg,Squash_Powdery_mildew_leaf,plantdoc_classification
datasets\raw\plantdoc_classification\train\Potato_leaf_early_blight\train_Potato leaf early blight_105.jpg,Potato_leaf_early_blight,plantdoc_classification
datasets\raw\plantdoc_classification\train\Blueberry_leaf\train_Blueberry leaf_93.jpg,Blueberry_leaf,plantdoc_classification
datasets\raw\plantdoc_classification\train\Potato_leaf_late_blight\train_Potato leaf late blight_83_4.jpg,Potato_leaf_late_blight,plantdoc_classification
datasets\raw\plantdoc_classification\train\Peach_leaf\train_Peach leaf_31.jpg,Peach_leaf,plantdoc_classification
datasets\raw\plantdoc_classification\train\Tomato_leaf\train_Tomato leaf_46_2.jpg,Tomato_leaf,plantdoc_classification
datasets\raw\plantdoc_classification\train\Peach_leaf\train_Peach leaf_2.jpg,Peach_leaf,plantdoc_classification
datasets\raw\plantdoc_classification\train\Tomato_mold_leaf\train_Tomato mold leaf_72.jpg,Tomato_mold_leaf,plantdoc_classification
datasets\raw\plantdoc_classification\train\Potato_leaf_early_blight\train_Potato leaf early blight_73.jpg,Potato_leaf_early_blight,plantdoc_classification
datasets\raw\plantdoc_classification\train\Tomato_Septoria_leaf_spot\train_Tomato Septoria leaf spot_129.jpg,Tomato_Septoria_leaf_spot,plantdoc_classification
datasets\raw\plantdoc_classification\train\grape_leaf_black_rot\train_grape leaf black rot_16.jpg,grape_leaf_black_rot,plantdoc_classification
datasets\raw\plantdoc_classification\train\Potato_leaf_late_blight\train_Potato leaf late blight_21_2.jpg,Potato_leaf_late_blight,plantdoc_classification
datasets\raw\plantdoc_classification\train\Bell_pepper_leaf_spot\train_Bell_pepper leaf spot_10.jpg,Bell_pepper_leaf_spot,plantdoc_classification
datasets\raw\plantdoc_classification\train\Tomato_leaf_yellow_virus\train_Tomato leaf yellow virus_35_3.jpg,Tomato_leaf_yellow_virus,plantdoc_classification
datasets\raw\plantdoc_classification\train\Potato_leaf_late_blight\train_Potato leaf late blight_18.jpg,Potato_leaf_late_blight,plantdoc_classification
datasets\raw\plantdoc_classification\train\Apple_leaf\train_Apple leaf_48.jpg,Apple_leaf,plantdoc_classification
datasets\raw\plantdoc_classification\train\Tomato_leaf_yellow_virus\train_Tomato leaf yellow virus_58_1.jpg,Tomato_leaf_yellow_virus,plantdoc_classification
datasets\raw\plantdoc_classification\train\Tomato_leaf_yellow_virus\train_Tomato leaf yellow virus_7.jpg,Tomato_leaf_yellow_virus,plantdoc_classification
datasets\raw\plantdoc_classification\train\Peach_leaf\train_Peach leaf_71.jpg,Peach_leaf,plantdoc_classification
datasets\raw\plantdoc_classification\train\Corn_Gray_leaf_spot\train_Corn Gray leaf spot_20.jpg,Corn_Gray_leaf_spot,plantdoc_classification
datasets\raw\plantdoc_classification\train\Blueberry_leaf\train_Blueberry leaf_46.jpg,Blueberry_leaf,plantdoc_classification
datasets\raw\plantdoc_classification\train\Bell_pepper_leaf_spot\train_Bell_pepper leaf spot_7.jpg,Bell_pepper_leaf_spot,plantdoc_classification
datasets\raw\plantdoc_classification\train\Blueberry_leaf\train_Blueberry leaf_48.jpg,Blueberry_leaf,plantdoc_classification
datasets\raw\plantdoc_classification\train\Apple_rust_leaf\train_Apple rust leaf_40.jpg,Apple_rust_leaf,plantdoc_classification
datasets\raw\plantdoc_classification\train\Corn_Gray_leaf_spot\train_Corn Gray leaf spot_25.jpg,Corn_Gray_leaf_spot,plantdoc_classification
datasets\raw\plantdoc_classification\train\Raspberry_leaf\train_Raspberry leaf_4.jpg,Raspberry_leaf,plantdoc_classification
datasets\raw\plantdoc_classification\train\Tomato_leaf_yellow_virus\train_Tomato leaf yellow virus_27_4.jpg,Tomato_leaf_yellow_virus,plantdoc_classification
datasets\raw\plantdoc_classification\train\Apple_rust_leaf\train_Apple rust leaf_50.jpg,Apple_rust_leaf,plantdoc_classification
datasets\raw\plantdoc_classification\train\Blueberry_leaf\train_Blueberry leaf_50.jpg,Blueberry_leaf,plantdoc_classification
datasets\raw\plantdoc_classification\train\Raspberry_leaf\train_Raspberry leaf_15.jpg,Raspberry_leaf,plantdoc_classification
datasets\raw\plantdoc_classification\train\Corn_Gray_leaf_spot\train_Corn Gray leaf spot_61.jpg,Corn_Gray_leaf_spot,plantdoc_classification
datasets\raw\plantdoc_classification\train\Squash_Powdery_mildew_leaf\train_Squash Powdery mildew leaf_37.jpg,Squash_Powdery_mildew_leaf,plantdoc_classification
datasets\raw\plantdoc_classification\train\Corn_leaf_blight\train_Corn leaf blight_136.jpg,Corn_leaf_blight,plantdoc_classification
datasets\raw\plantdoc_classification\train\Corn_rust_leaf\train_Corn rust leaf_72.jpg,Corn_rust_leaf,plantdoc_classification
datasets\raw\plantdoc_classification\train\Apple_leaf\train_Apple leaf_57.jpg,Apple_leaf,plantdoc_classification
datasets\raw\plantdoc_classification\train\Strawberry_leaf\train_Strawberry leaf_1.jpg,Strawberry_leaf,plantdoc_classification
datasets\raw\plantdoc_classification\train\Peach_leaf\train_Peach leaf_27.jpg,Peach_leaf,plantdoc_classification
datasets\raw\plantdoc_classification\train\grape_leaf_black_rot\train_grape leaf black rot_49.jpg,grape_leaf_black_rot,plantdoc_classification
datasets\raw\plantdoc_classification\train\Corn_rust_leaf\train_Corn rust leaf_40.jpg,Corn_rust_leaf,plantdoc_classification
datasets\raw\plantdoc_classification\train\Tomato_mold_leaf\train_Tomato mold leaf_29.jpg,Tomato_mold_leaf,plantdoc_classification
datasets\raw\plantdoc_classification\train\Potato_leaf_early_blight\train_Potato leaf early blight_7_2.jpg,Potato_leaf_early_blight,plantdoc_classification
datasets\raw\plantdoc_classification\train\Tomato_leaf_yellow_virus\train_Tomato leaf yellow virus_11_4.jpg,Tomato_leaf_yellow_virus,plantdoc_classification
datasets\raw\plantdoc_classification\train\Blueberry_leaf\train_Blueberry leaf_94.jpg,Blueberry_leaf,plantdoc_classification
datasets\raw\plantdoc_classification\train\Potato_leaf_early_blight\train_Potato leaf early blight_109.jpg,Potato_leaf_early_blight,plantdoc_classification
datasets\raw\plantdoc_classification\train\Peach_leaf\train_Peach leaf_17.jpg,Peach_leaf,plantdoc_classification
datasets\raw\plantdoc_classification\train\Tomato_Early_blight_leaf\train_Tomato Early blight leaf_73.jpg,Tomato_Early_blight_leaf,plantdoc_classification
datasets\raw\plantdoc_classification\train\Strawberry_leaf\train_Strawberry leaf_64.jpg,Strawberry_leaf,plantdoc_classification
datasets\raw\plantdoc_classification\train\Soyabean_leaf\train_Soyabean leaf_27.jpg,Soyabean_leaf,plantdoc_classification
datasets\raw\plantdoc_classification\train\Tomato_leaf_late_blight\train_Tomato leaf late blight_36.jpg,Tomato_leaf_late_blight,plantdoc_classification
datasets\raw\plantdoc_classification\train\Tomato_leaf_bacterial_spot\train_Tomato leaf bacterial spot_73.jpg,Tomato_leaf_bacterial_spot,plantdoc_classification
datasets\raw\plantdoc_classification\train\Peach_leaf\train_Peach leaf_19.jpg,Peach_leaf,plantdoc_classification
datasets\raw\plantdoc_classification\train\Tomato_leaf_yellow_virus\train_Tomato leaf yellow virus_44.jpg,Tomato_leaf_yellow_virus,plantdoc_classification
datasets\raw\plantdoc_classification\train\Tomato_leaf_yellow_virus\train_Tomato leaf yellow virus_35_5.jpg,Tomato_leaf_yellow_virus,plantdoc_classification
datasets\raw\plantdoc_classification\train\Tomato_leaf_yellow_virus\train_Tomato leaf yellow virus_42.jpg,Tomato_leaf_yellow_virus,plantdoc_classification
datasets\raw\plantdoc_classification\train\Tomato_Septoria_leaf_spot\train_Tomato Septoria leaf spot_125.jpg,Tomato_Septoria_leaf_spot,plantdoc_classification
datasets\raw\plantdoc_classification\train\Tomato_Septoria_leaf_spot\train_Tomato Septoria leaf spot_43.jpg,Tomato_Septoria_leaf_spot,plantdoc_classification
datasets\raw\plantdoc_classification\train\Bell_pepper_leaf\train_Bell_pepper leaf_49.jpg,Bell_pepper_leaf,plantdoc_classification
datasets\raw\plantdoc_classification\train\Tomato_Early_blight_leaf\train_Tomato Early blight leaf_22.jpg,Tomato_Early_blight_leaf,plantdoc_classification
datasets\raw\plantdoc_classification\train\Corn_rust_leaf\train_Corn rust leaf_61.jpg,Corn_rust_leaf,plantdoc_classification
datasets\raw\plantdoc_classification\train\Apple_rust_leaf\train_Apple rust leaf_31.jpg,Apple_rust_leaf,plantdoc_classification
datasets\raw\plantdoc_classification\train\Corn_leaf_blight\train_Corn leaf blight_89.jpg,Corn_leaf_blight,plantdoc_classification
datasets\raw\plantdoc_classification\train\Tomato_leaf_yellow_virus\train_Tomato leaf yellow virus_54.jpg,Tomato_leaf_yellow_virus,plantdoc_classification
datasets\raw\plantdoc_classification\train\Bell_pepper_leaf_spot\train_Bell_pepper leaf spot_52.jpg,Bell_pepper_leaf_spot,plantdoc_classification
datasets\raw\plantdoc_classification\train\Tomato_mold_leaf\train_Tomato mold leaf_71.jpg,Tomato_mold_leaf,plantdoc_classification
datasets\raw\plantdoc_classification\train\grape_leaf\train_grape leaf_47.jpg,grape_leaf,plantdoc_classification
datasets\raw\plantdoc_classification\train\Potato_leaf_early_blight\train_Potato leaf early blight_48.jpg,Potato_leaf_early_blight,plantdoc_classification
datasets\raw\plantdoc_classification\train\Potato_leaf_early_blight\train_Potato leaf early blight_82.jpg,Potato_leaf_early_blight,plantdoc_classification
datasets\raw\plantdoc_classification\train\grape_leaf_black_rot\train_grape leaf black rot_29_3.jpg,grape_leaf_black_rot,plantdoc_classification
datasets\raw\plantdoc_classification\train\Potato_leaf_late_blight\train_Potato leaf late blight_48_4.jpg,Potato_leaf_late_blight,plantdoc_classification
datasets\raw\plantdoc_classification\train\grape_leaf\train_grape leaf_13.jpg,grape_leaf,plantdoc_classification
datasets\raw\plantdoc_classification\train\Strawberry_leaf\train_Strawberry leaf_80.jpg,Strawberry_leaf,plantdoc_classification
datasets\raw\plantdoc_classification\train\Tomato_mold_leaf\train_Tomato mold leaf_79.jpg,Tomato_mold_leaf,plantdoc_classification
datasets\raw\plantdoc_classification\train\Apple_Scab_Leaf\train_Apple Scab Leaf_47.jpg,Apple_Scab_Leaf,plantdoc_classification
datasets\raw\plantdoc_classification\train\Potato_leaf_early_blight\train_Potato leaf early blight_60.jpg,Potato_leaf_early_blight,plantdoc_classification
datasets\raw\plantdoc_classification\train\Blueberry_leaf\train_Blueberry leaf_73.jpg,Blueberry_leaf,plantdoc_classification
datasets\raw\plantdoc_classification\train\Potato_leaf_late_blight\train_Potato leaf late blight_80_1.jpg,Potato_leaf_late_blight,plantdoc_classification
datasets\raw\plantdoc_classification\train\Bell_pepper_leaf_spot\train_Bell_pepper leaf spot_29_1.jpg,Bell_pepper_leaf_spot,plantdoc_classification
datasets\raw\plantdoc_classification\train\Tomato_mold_leaf\train_Tomato mold leaf_42.jpg,Tomato_mold_leaf,plantdoc_classification
datasets\raw\plantdoc_classification\train\Cherry_leaf\train_Cherry leaf_29.jpg,Cherry_leaf,plantdoc_classification
datasets\raw\plantdoc_classification\train\Blueberry_leaf\train_Blueberry leaf_25.jpg,Blueberry_leaf,plantdoc_classification
datasets\raw\plantdoc_classification\train\Corn_leaf_blight\train_Corn leaf blight_83.jpg,Corn_leaf_blight,plantdoc_classification
datasets\raw\plantdoc_classification\train\Peach_leaf\train_Peach leaf_79.jpg,Peach_leaf,plantdoc_classification
datasets\raw\plantdoc_classification\train\Tomato_leaf_yellow_virus\train_Tomato leaf yellow virus_21_3.jpg,Tomato_leaf_yellow_virus,plantdoc_classification
datasets\raw\plantdoc_classification\train\Peach_leaf\train_Peach leaf_47.jpg,Peach_leaf,plantdoc_classification
datasets\raw\plantdoc_classification\train\Tomato_leaf_yellow_virus\train_Tomato leaf yellow virus_35_2.jpg,Tomato_leaf_yellow_virus,plantdoc_classification
datasets\raw\plantdoc_classification\train\Tomato_leaf_yellow_virus\train_Tomato leaf yellow virus_3_1.jpg,Tomato_leaf_yellow_virus,plantdoc_classification
datasets\raw\plantdoc_classification\train\grape_leaf\train_grape leaf_33.jpg,grape_leaf,plantdoc_classification
datasets\raw\plantdoc_classification\train\Squash_Powdery_mildew_leaf\train_Squash Powdery mildew leaf_58.jpg,Squash_Powdery_mildew_leaf,plantdoc_classification
datasets\raw\plantdoc_classification\train\Apple_Scab_Leaf\train_Apple Scab Leaf_4.jpg,Apple_Scab_Leaf,plantdoc_classification
datasets\raw\plantdoc_classification\train\Blueberry_leaf\train_Blueberry leaf_101.jpg,Blueberry_leaf,plantdoc_classification
datasets\raw\plantdoc_classification\train\Tomato_Septoria_leaf_spot\train_Tomato Septoria leaf spot_35.jpg,Tomato_Septoria_leaf_spot,plantdoc_classification
datasets\raw\plantdoc_classification\train\Apple_Scab_Leaf\train_Apple Scab Leaf_14.jpg,Apple_Scab_Leaf,plantdoc_classification
datasets\raw\plantdoc_classification\train\Tomato_Septoria_leaf_spot\train_Tomato Septoria leaf spot_94.jpg,Tomato_Septoria_leaf_spot,plantdoc_classification
datasets\raw\plantdoc_classification\train\Tomato_leaf_bacterial_spot\train_Tomato leaf bacterial spot_49.jpg,Tomato_leaf_bacterial_spot,plantdoc_classification
datasets\raw\plantdoc_classification\train\Tomato_mold_leaf\train_Tomato mold leaf_48.jpg,Tomato_mold_leaf,plantdoc_classification
datasets\raw\plantdoc_classification\train\Apple_Scab_Leaf\train_Apple Scab Leaf_19.jpg,Apple_Scab_Leaf,plantdoc_classification
datasets\raw\plantdoc_classification\train\Tomato_leaf_yellow_virus\train_Tomato leaf yellow virus_24_2.jpg,Tomato_leaf_yellow_virus,plantdoc_classification
datasets\raw\plantdoc_classification\train\Apple_rust_leaf\train_Apple rust leaf_51.jpg,Apple_rust_leaf,plantdoc_classification
datasets\raw\plantdoc_classification\train\Corn_Gray_leaf_spot\train_Corn Gray leaf spot_50.jpg,Corn_Gray_leaf_spot,plantdoc_classification
datasets\raw\plantdoc_classification\train\Tomato_mold_leaf\train_Tomato mold leaf_64.jpg,Tomato_mold_leaf,plantdoc_classification
datasets\raw\plantdoc_classification\train\Apple_Scab_Leaf\train_Apple Scab Leaf_59.jpg,Apple_Scab_Leaf,plantdoc_classification
datasets\raw\plantdoc_classification\train\Potato_leaf_early_blight\train_Potato leaf early blight_107.jpg,Potato_leaf_early_blight,plantdoc_classification
datasets\raw\plantdoc_classification\train\Bell_pepper_leaf\train_Bell_pepper leaf_9_4.jpg,Bell_pepper_leaf,plantdoc_classification
datasets\raw\plantdoc_classification\train\Bell_pepper_leaf\train_Bell_pepper leaf_32_1.jpg,Bell_pepper_leaf,plantdoc_classification
datasets\raw\plantdoc_classification\train\Tomato_leaf_yellow_virus\train_Tomato leaf yellow virus_46_10.jpg,Tomato_leaf_yellow_virus,plantdoc_classification
datasets\raw\plantdoc_classification\train\Bell_pepper_leaf_spot\train_Bell_pepper leaf spot_6.jpg,Bell_pepper_leaf_spot,plantdoc_classification
datasets\raw\plantdoc_classification\train\Peach_leaf\train_Peach leaf_90.jpg,Peach_leaf,plantdoc_classification
datasets\raw\plantdoc_classification\train\Tomato_leaf_late_blight\train_Tomato leaf late blight_86.jpg,Tomato_leaf_late_blight,plantdoc_classification
datasets\raw\plantdoc_classification\train\Apple_rust_leaf\train_Apple rust leaf_63.jpg,Apple_rust_leaf,plantdoc_classification
datasets\raw\plantdoc_classification\train\Potato_leaf_late_blight\train_Potato leaf late blight_42_1.jpg,Potato_leaf_late_blight,plantdoc_classification
datasets\raw\plantdoc_classification\train\Tomato_leaf_late_blight\train_Tomato leaf late blight_83.jpg,Tomato_leaf_late_blight,plantdoc_classification
datasets\raw\plantdoc_classification\train\Squash_Powdery_mildew_leaf\train_Squash Powdery mildew leaf_52.jpg,Squash_Powdery_mildew_leaf,plantdoc_classification
datasets\raw\plantdoc_classification\train\Corn_rust_leaf\train_Corn rust leaf_54.jpg,Corn_rust_leaf,plantdoc_classification
datasets\raw\plantdoc_classification\train\Tomato_leaf_bacterial_spot\train_Tomato leaf bacterial spot_24.jpg,Tomato_leaf_bacterial_spot,plantdoc_classification
datasets\raw\plantdoc_classification\train\Apple_rust_leaf\train_Apple rust leaf_69.jpg,Apple_rust_leaf,plantdoc_classification
datasets\raw\plantdoc_classification\train\Bell_pepper_leaf_spot\train_Bell_pepper leaf spot_27.jpg,Bell_pepper_leaf_spot,plantdoc_classification
datasets\raw\plantdoc_classification\train\Tomato_Early_blight_leaf\train_Tomato Early blight leaf_10.jpg,Tomato_Early_blight_leaf,plantdoc_classification
datasets\raw\plantdoc_classification\train\Apple_leaf\train_Apple leaf_64.jpg,Apple_leaf,plantdoc_classification
datasets\raw\plantdoc_classification\train\Soyabean_leaf\train_Soyabean leaf_21.jpg,Soyabean_leaf,plantdoc_classification
datasets\raw\plantdoc_classification\train\Potato_leaf_late_blight\train_Potato leaf late blight_56.jpg,Potato_leaf_late_blight,plantdoc_classification
datasets\raw\plantdoc_classification\train\Cherry_leaf\train_Cherry leaf_46.jpg,Cherry_leaf,plantdoc_classification
datasets\raw\plantdoc_classification\train\Tomato_leaf_late_blight\train_Tomato leaf late blight_88.jpg,Tomato_leaf_late_blight,plantdoc_classification
datasets\raw\plantdoc_classification\train\Corn_Gray_leaf_spot\train_Corn Gray leaf spot_11.jpg,Corn_Gray_leaf_spot,plantdoc_classification
datasets\raw\plantdoc_classification\train\Potato_leaf_early_blight\train_Potato leaf early blight_7_1.jpg,Potato_leaf_early_blight,plantdoc_classification
datasets\raw\plantdoc_classification\train\Tomato_leaf_yellow_virus\train_Tomato leaf yellow virus_3_5.jpg,Tomato_leaf_yellow_virus,plantdoc_classification
datasets\raw\plantdoc_classification\train\Tomato_leaf_mosaic_virus\train_Tomato leaf mosaic virus_14.jpg,Tomato_leaf_mosaic_virus,plantdoc_classification
datasets\raw\plantdoc_classification\train\Tomato_Septoria_leaf_spot\train_Tomato Septoria leaf spot_52.jpg,Tomato_Septoria_leaf_spot,plantdoc_classification
datasets\raw\plantdoc_classification\train\Potato_leaf_late_blight\train_Potato leaf late blight_40_5.jpg,Potato_leaf_late_blight,plantdoc_classification
datasets\raw\plantdoc_classification\train\Tomato_leaf_bacterial_spot\train_Tomato leaf bacterial spot_87.jpg,Tomato_leaf_bacterial_spot,plantdoc_classification
datasets\raw\plantdoc_classification\train\Tomato_leaf\train_Tomato leaf_45.jpg,Tomato_leaf,plantdoc_classification
datasets\raw\plantdoc_classification\train\Apple_rust_leaf\train_Apple rust leaf_1.jpg,Apple_rust_leaf,plantdoc_classification
datasets\raw\plantdoc_classification\train\Corn_rust_leaf\train_Corn rust leaf_50.jpg,Corn_rust_leaf,plantdoc_classification
datasets\raw\plantdoc_classification\train\Corn_leaf_blight\train_Corn leaf blight_172.jpg,Corn_leaf_blight,plantdoc_classification
datasets\raw\plantdoc_classification\train\Tomato_leaf_bacterial_spot\train_Tomato leaf bacterial spot_1.jpg,Tomato_leaf_bacterial_spot,plantdoc_classification
datasets\raw\plantdoc_classification\train\Peach_leaf\train_Peach leaf_75.jpg,Peach_leaf,plantdoc_classification
datasets\raw\plantdoc_classification\train\Tomato_leaf_yellow_virus\train_Tomato leaf yellow virus_69_1.jpg,Tomato_leaf_yellow_virus,plantdoc_classification
datasets\raw\plantdoc_classification\train\Potato_leaf_late_blight\train_Potato leaf late blight_89.jpg,Potato_leaf_late_blight,plantdoc_classification
datasets\raw\plantdoc_classification\train\Raspberry_leaf\train_Raspberry leaf_20.jpg,Raspberry_leaf,plantdoc_classification
datasets\raw\plantdoc_classification\train\Peach_leaf\train_Peach leaf_98.jpg,Peach_leaf,plantdoc_classification
datasets\raw\plantdoc_classification\train\Apple_leaf\train_Apple leaf_28.jpg,Apple_leaf,plantdoc_classification
datasets\raw\plantdoc_classification\train\Bell_pepper_leaf_spot\train_Bell_pepper leaf spot_18.jpg,Bell_pepper_leaf_spot,plantdoc_classification
datasets\raw\plantdoc_classification\train\Tomato_leaf\train_Tomato leaf_40.jpg,Tomato_leaf,plantdoc_classification
datasets\raw\plantdoc_classification\train\Tomato_mold_leaf\train_Tomato mold leaf_47.jpg,Tomato_mold_leaf,plantdoc_classification
datasets\raw\plantdoc_classification\train\Tomato_leaf\train_Tomato leaf_27.jpg,Tomato_leaf,plantdoc_classification
datasets\raw\plantdoc_classification\train\Apple_leaf\train_Apple leaf_23.jpg,Apple_leaf,plantdoc_classification
datasets\raw\plantdoc_classification\train\Tomato_Septoria_leaf_spot\train_Tomato Septoria leaf spot_134_3.jpg,Tomato_Septoria_leaf_spot,plantdoc_classification
datasets\raw\plantdoc_classification\train\Tomato_leaf_bacterial_spot\train_Tomato leaf bacterial spot_16.jpg,Tomato_leaf_bacterial_spot,plantdoc_classification
datasets\raw\plantdoc_classification\train\Corn_rust_leaf\train_Corn rust leaf_96.jpg,Corn_rust_leaf,plantdoc_classification
datasets\raw\plantdoc_classification\train\Tomato_leaf_bacterial_spot\train_Tomato leaf bacterial spot_82.jpg,Tomato_leaf_bacterial_spot,plantdoc_classification
datasets\raw\plantdoc_classification\train\Corn_Gray_leaf_spot\train_Corn Gray leaf spot_60.jpg,Corn_Gray_leaf_spot,plantdoc_classification
datasets\raw\plantdoc_classification\train\Potato_leaf_early_blight\train_Potato leaf early blight_76.jpg,Potato_leaf_early_blight,plantdoc_classification
datasets\raw\plantdoc_classification\train\Corn_leaf_blight\train_Corn leaf blight_35.jpg,Corn_leaf_blight,plantdoc_classification
datasets\raw\plantdoc_classification\train\Tomato_Septoria_leaf_spot\train_Tomato Septoria leaf spot_78.jpg,Tomato_Septoria_leaf_spot,plantdoc_classification
datasets\raw\plantdoc_classification\train\Tomato_mold_leaf\train_Tomato mold leaf_56.jpg,Tomato_mold_leaf,plantdoc_classification
datasets\raw\plantdoc_classification\train\Apple_leaf\train_Apple leaf_51.jpg,Apple_leaf,plantdoc_classification
datasets\raw\plantdoc_classification\train\Cherry_leaf\train_Cherry leaf_47.jpg,Cherry_leaf,plantdoc_classification
datasets\raw\plantdoc_classification\train\Bell_pepper_leaf_spot\train_Bell_pepper leaf spot_9.jpg,Bell_pepper_leaf_spot,plantdoc_classification
datasets\raw\plantdoc_classification\train\grape_leaf_black_rot\train_grape leaf black rot_12_1.jpg,grape_leaf_black_rot,plantdoc_classification
datasets\raw\plantdoc_classification\train\Tomato_Early_blight_leaf\train_Tomato Early blight leaf_53.jpg,Tomato_Early_blight_leaf,plantdoc_classification
datasets\raw\plantdoc_classification\train\Potato_leaf_early_blight\train_Potato leaf early blight_100.jpg,Potato_leaf_early_blight,plantdoc_classification
datasets\raw\plantdoc_classification\train\Peach_leaf\train_Peach leaf_33.jpg,Peach_leaf,plantdoc_classification
datasets\raw\plantdoc_classification\train\Peach_leaf\train_Peach leaf_81.jpg,Peach_leaf,plantdoc_classification
datasets\raw\plantdoc_classification\train\Tomato_Septoria_leaf_spot\train_Tomato Septoria leaf spot_72.jpg,Tomato_Septoria_leaf_spot,plantdoc_classification
datasets\raw\plantdoc_classification\train\Blueberry_leaf\train_Blueberry leaf_82.jpg,Blueberry_leaf,plantdoc_classification
datasets\raw\plantdoc_classification\train\Apple_rust_leaf\train_Apple rust leaf_38.jpg,Apple_rust_leaf,plantdoc_classification
datasets\raw\plantdoc_classification\train\Tomato_leaf\train_Tomato leaf_30.jpg,Tomato_leaf,plantdoc_classification
datasets\raw\plantdoc_classification\train\Tomato_mold_leaf\train_Tomato mold leaf_12.jpg,Tomato_mold_leaf,plantdoc_classification
datasets\raw\plantdoc_classification\train\grape_leaf\train_grape leaf_29.jpg,grape_leaf,plantdoc_classification
datasets\raw\plantdoc_classification\train\Potato_leaf_early_blight\train_Potato leaf early blight_83_6.jpg,Potato_leaf_early_blight,plantdoc_classification
datasets\raw\plantdoc_classification\train\Peach_leaf\train_Peach leaf_73.jpg,Peach_leaf,plantdoc_classification
datasets\raw\plantdoc_classification\train\Squash_Powdery_mildew_leaf\train_Squash Powdery mildew leaf_65.jpg,Squash_Powdery_mildew_leaf,plantdoc_classification
datasets\raw\plantdoc_classification\train\grape_leaf_black_rot\train_grape leaf black rot_12_2.jpg,grape_leaf_black_rot,plantdoc_classification
datasets\raw\plantdoc_classification\train\Squash_Powdery_mildew_leaf\train_Squash Powdery mildew leaf_109.jpg,Squash_Powdery_mildew_leaf,plantdoc_classification
datasets\raw\plantdoc_classification\train\Strawberry_leaf\train_Strawberry leaf_4.jpg,Strawberry_leaf,plantdoc_classification
datasets\raw\plantdoc_classification\train\Strawberry_leaf\train_Strawberry leaf_38.jpg,Strawberry_leaf,plantdoc_classification
datasets\raw\plantdoc_classification\train\Corn_rust_leaf\train_Corn rust leaf_36.jpg,Corn_rust_leaf,plantdoc_classification
datasets\raw\plantdoc_classification\train\Corn_rust_leaf\train_Corn rust leaf_104.jpg,Corn_rust_leaf,plantdoc_classification
datasets\raw\plantdoc_classification\train\Bell_pepper_leaf_spot\train_Bell_pepper leaf spot_25_2.jpg,Bell_pepper_leaf_spot,plantdoc_classification
datasets\raw\plantdoc_classification\train\Blueberry_leaf\train_Blueberry leaf_54.jpg,Blueberry_leaf,plantdoc_classification
datasets\raw\plantdoc_classification\train\Corn_rust_leaf\train_Corn rust leaf_28.jpg,Corn_rust_leaf,plantdoc_classification
datasets\raw\plantdoc_classification\train\Potato_leaf_late_blight\train_Potato leaf late blight_78_4.jpg,Potato_leaf_late_blight,plantdoc_classification
datasets\raw\plantdoc_classification\train\Strawberry_leaf\train_Strawberry leaf_57.jpg,Strawberry_leaf,plantdoc_classification
datasets\raw\plantdoc_classification\train\Corn_leaf_blight\train_Corn leaf blight_151.jpg,Corn_leaf_blight,plantdoc_classification
datasets\raw\plantdoc_classification\train\Apple_leaf\train_Apple leaf_70.jpg,Apple_leaf,plantdoc_classification
datasets\raw\plantdoc_classification\train\Cherry_leaf\train_Cherry leaf_5.jpg,Cherry_leaf,plantdoc_classification
datasets\raw\plantdoc_classification\train\Tomato_Septoria_leaf_spot\train_Tomato Septoria leaf spot_58.jpg,Tomato_Septoria_leaf_spot,plantdoc_classification
datasets\raw\plantdoc_classification\train\Peach_leaf\train_Peach leaf_87.jpg,Peach_leaf,plantdoc_classification
datasets\raw\plantdoc_classification\train\Potato_leaf_early_blight\train_Potato leaf early blight_89.jpg,Potato_leaf_early_blight,plantdoc_classification
datasets\raw\plantdoc_classification\train\Apple_leaf\train_Apple leaf_43.jpg,Apple_leaf,plantdoc_classification
datasets\raw\plantdoc_classification\train\Potato_leaf_late_blight\train_Potato leaf late blight_10_9.jpg,Potato_leaf_late_blight,plantdoc_classification
datasets\raw\plantdoc_classification\train\Tomato_mold_leaf\train_Tomato mold leaf_13.jpg,Tomato_mold_leaf,plantdoc_classification
datasets\raw\plantdoc_classification\train\Strawberry_leaf\train_Strawberry leaf_46.jpg,Strawberry_leaf,plantdoc_classification
datasets\raw\plantdoc_classification\train\Tomato_mold_leaf\train_Tomato mold leaf_2.jpg,Tomato_mold_leaf,plantdoc_classification
datasets\raw\plantdoc_classification\train\Potato_leaf_late_blight\train_Potato leaf late blight_40_7.jpg,Potato_leaf_late_blight,plantdoc_classification
datasets\raw\plantdoc_classification\train\Corn_rust_leaf\train_Corn rust leaf_59.jpg,Corn_rust_leaf,plantdoc_classification
datasets\raw\plantdoc_classification\train\Tomato_leaf_yellow_virus\train_Tomato leaf yellow virus_8_32.jpg,Tomato_leaf_yellow_virus,plantdoc_classification
datasets\raw\plantdoc_classification\train\Corn_Gray_leaf_spot\train_Corn Gray leaf spot_23.jpg,Corn_Gray_leaf_spot,plantdoc_classification
datasets\raw\plantdoc_classification\train\Apple_Scab_Leaf\train_Apple Scab Leaf_67.jpg,Apple_Scab_Leaf,plantdoc_classification
datasets\raw\plantdoc_classification\train\Tomato_leaf_bacterial_spot\train_Tomato leaf bacterial spot_72.jpg,Tomato_leaf_bacterial_spot,plantdoc_classification
datasets\raw\plantdoc_classification\train\Corn_Gray_leaf_spot\train_Corn Gray leaf spot_37.jpg,Corn_Gray_leaf_spot,plantdoc_classification
datasets\raw\plantdoc_classification\train\Apple_rust_leaf\train_Apple rust leaf_65.jpg,Apple_rust_leaf,plantdoc_classification
datasets\raw\plantdoc_classification\train\Tomato_leaf\train_Tomato leaf_9.jpg,Tomato_leaf,plantdoc_classification
datasets\raw\plantdoc_classification\train\Tomato_leaf_yellow_virus\train_Tomato leaf yellow virus_35_1.jpg,Tomato_leaf_yellow_virus,plantdoc_classification
datasets\raw\plantdoc_classification\train\Tomato_leaf_yellow_virus\train_Tomato leaf yellow virus_67.jpg,Tomato_leaf_yellow_virus,plantdoc_classification
datasets\raw\plantdoc_classification\train\grape_leaf\train_grape leaf_56.jpg,grape_leaf,plantdoc_classification
datasets\raw\plantdoc_classification\train\Tomato_leaf_late_blight\train_Tomato leaf late blight_40.jpg,Tomato_leaf_late_blight,plantdoc_classification
datasets\raw\plantdoc_classification\train\Potato_leaf_late_blight\train_Potato leaf late blight_48_3.jpg,Potato_leaf_late_blight,plantdoc_classification
datasets\raw\plantdoc_classification\train\Tomato_leaf_mosaic_virus\train_Tomato leaf mosaic virus_11.jpg,Tomato_leaf_mosaic_virus,plantdoc_classification
datasets\raw\plantdoc_classification\train\Bell_pepper_leaf_spot\train_Bell_pepper leaf spot_4.jpg,Bell_pepper_leaf_spot,plantdoc_classification
datasets\raw\plantdoc_classification\train\Strawberry_leaf\train_Strawberry leaf_19.jpg,Strawberry_leaf,plantdoc_classification
datasets\raw\plantdoc_classification\train\Strawberry_leaf\train_Strawberry leaf_62.jpg,Strawberry_leaf,plantdoc_classification
datasets\raw\plantdoc_classification\train\Tomato_Septoria_leaf_spot\train_Tomato Septoria leaf spot_63.jpg,Tomato_Septoria_leaf_spot,plantdoc_classification
datasets\raw\plantdoc_classification\train\Soyabean_leaf\train_Soyabean leaf_48.jpg,Soyabean_leaf,plantdoc_classification
datasets\raw\plantdoc_classification\train\Apple_leaf\train_Apple leaf_74_1.jpg,Apple_leaf,plantdoc_classification
datasets\raw\plantdoc_classification\train\Tomato_leaf_yellow_virus\train_Tomato leaf yellow virus_2.jpg,Tomato_leaf_yellow_virus,plantdoc_classification
datasets\raw\plantdoc_classification\train\Tomato_Septoria_leaf_spot\train_Tomato Septoria leaf spot_99.jpg,Tomato_Septoria_leaf_spot,plantdoc_classification
datasets\raw\plantdoc_classification\train\Cherry_leaf\train_Cherry leaf_32.jpg,Cherry_leaf,plantdoc_classification
datasets\raw\plantdoc_classification\train\Strawberry_leaf\train_Strawberry leaf_18.jpg,Strawberry_leaf,plantdoc_classification
datasets\raw\plantdoc_classification\train\Soyabean_leaf\train_Soyabean leaf_11.jpg,Soyabean_leaf,plantdoc_classification
datasets\raw\plantdoc_classification\train\Squash_Powdery_mildew_leaf\train_Squash Powdery mildew leaf_13.jpg,Squash_Powdery_mildew_leaf,plantdoc_classification
datasets\raw\plantdoc_classification\train\Apple_leaf\train_Apple leaf_77.jpg,Apple_leaf,plantdoc_classification
datasets\raw\plantdoc_classification\train\Tomato_leaf_yellow_virus\train_Tomato leaf yellow virus_8_6.jpg,Tomato_leaf_yellow_virus,plantdoc_classification
datasets\raw\plantdoc_classification\train\grape_leaf\train_grape leaf_17.jpg,grape_leaf,plantdoc_classification
datasets\raw\plantdoc_classification\train\Tomato_Septoria_leaf_spot\train_Tomato Septoria leaf spot_57.jpg,Tomato_Septoria_leaf_spot,plantdoc_classification
datasets\raw\plantdoc_classification\train\Peach_leaf\train_Peach leaf_11.jpg,Peach_leaf,plantdoc_classification
datasets\raw\plantdoc_classification\train\Corn_leaf_blight\train_Corn leaf blight_67.jpg,Corn_leaf_blight,plantdoc_classification
datasets\raw\plantdoc_classification\train\Blueberry_leaf\train_Blueberry leaf_77.jpg,Blueberry_leaf,plantdoc_classification
datasets\raw\plantdoc_classification\train\Corn_leaf_blight\train_Corn leaf blight_97.jpg,Corn_leaf_blight,plantdoc_classification
datasets\raw\plantdoc_classification\train\Tomato_leaf_late_blight\train_Tomato leaf late blight_74.jpg,Tomato_leaf_late_blight,plantdoc_classification
datasets\raw\plantdoc_classification\train\Potato_leaf_late_blight\train_Potato leaf late blight_65_2.jpg,Potato_leaf_late_blight,plantdoc_classification
datasets\raw\plantdoc_classification\train\Raspberry_leaf\train_Raspberry leaf_59.jpg,Raspberry_leaf,plantdoc_classification
datasets\raw\plantdoc_classification\train\Corn_rust_leaf\train_Corn rust leaf_25.jpg,Corn_rust_leaf,plantdoc_classification
datasets\raw\plantdoc_classification\train\Raspberry_leaf\train_Raspberry leaf_53.jpg,Raspberry_leaf,plantdoc_classification
datasets\raw\plantdoc_classification\train\Soyabean_leaf\train_Soyabean leaf_8.jpg,Soyabean_leaf,plantdoc_classification
datasets\raw\plantdoc_classification\train\Potato_leaf_late_blight\train_Potato leaf late blight_33_1.jpg,Potato_leaf_late_blight,plantdoc_classification
datasets\raw\plantdoc_classification\train\Tomato_leaf_bacterial_spot\train_Tomato leaf bacterial spot_67.jpg,Tomato_leaf_bacterial_spot,plantdoc_classification
datasets\raw\plantdoc_classification\train\Tomato_mold_leaf\train_Tomato mold leaf_17.jpg,Tomato_mold_leaf,plantdoc_classification
datasets\raw\plantdoc_classification\train\Potato_leaf_late_blight\train_Potato leaf late blight_78_3.jpg,Potato_leaf_late_blight,plantdoc_classification
datasets\raw\plantdoc_classification\train\grape_leaf\train_grape leaf_14.jpg,grape_leaf,plantdoc_classification
datasets\raw\plantdoc_classification\train\Strawberry_leaf\train_Strawberry leaf_82.jpg,Strawberry_leaf,plantdoc_classification
datasets\raw\plantdoc_classification\train\Potato_leaf_late_blight\train_Potato leaf late blight_42_2.jpg,Potato_leaf_late_blight,plantdoc_classification
datasets\raw\plantdoc_classification\train\Apple_leaf\train_Apple leaf_55.jpg,Apple_leaf,plantdoc_classification
datasets\raw\plantdoc_classification\train\Tomato_leaf_bacterial_spot\train_Tomato leaf bacterial spot_54.jpg,Tomato_leaf_bacterial_spot,plantdoc_classification
datasets\raw\plantdoc_classification\train\Corn_rust_leaf\train_Corn rust leaf_47.jpg,Corn_rust_leaf,plantdoc_classification
datasets\raw\plantdoc_classification\train\Bell_pepper_leaf_spot\train_Bell_pepper leaf spot_28.jpg,Bell_pepper_leaf_spot,plantdoc_classification
datasets\raw\plantdoc_classification\train\Peach_leaf\train_Peach leaf_82.jpg,Peach_leaf,plantdoc_classification
datasets\raw\plantdoc_classification\train\Corn_leaf_blight\train_Corn leaf blight_24.jpg,Corn_leaf_blight,plantdoc_classification
datasets\raw\plantdoc_classification\train\Squash_Powdery_mildew_leaf\train_Squash Powdery mildew leaf_101.jpg,Squash_Powdery_mildew_leaf,plantdoc_classification
datasets\raw\plantdoc_classification\train\Apple_Scab_Leaf\train_Apple Scab Leaf_40.jpg,Apple_Scab_Leaf,plantdoc_classification
datasets\raw\plantdoc_classification\train\Tomato_leaf_bacterial_spot\train_Tomato leaf bacterial spot_77.jpg,Tomato_leaf_bacterial_spot,plantdoc_classification
datasets\raw\plantdoc_classification\train\Tomato_leaf_yellow_virus\train_Tomato leaf yellow virus_50.jpg,Tomato_leaf_yellow_virus,plantdoc_classification
datasets\raw\plantdoc_classification\train\Potato_leaf_early_blight\train_Potato leaf early blight_17.jpg,Potato_leaf_early_blight,plantdoc_classification
datasets\raw\plantdoc_classification\train\Potato_leaf_late_blight\train_Potato leaf late blight_97_2.jpg,Potato_leaf_late_blight,plantdoc_classification
datasets\raw\plantdoc_classification\train\Strawberry_leaf\train_Strawberry leaf_40.jpg,Strawberry_leaf,plantdoc_classification
datasets\raw\plantdoc_classification\train\grape_leaf_black_rot\train_grape leaf black rot_2_1.jpg,grape_leaf_black_rot,plantdoc_classification
datasets\raw\plantdoc_classification\train\Corn_leaf_blight\train_Corn leaf blight_156.jpg,Corn_leaf_blight,plantdoc_classification
datasets\raw\plantdoc_classification\train\Tomato_leaf_yellow_virus\train_Tomato leaf yellow virus_38_3.jpg,Tomato_leaf_yellow_virus,plantdoc_classification
datasets\raw\plantdoc_classification\train\Bell_pepper_leaf\train_Bell_pepper leaf_14.jpg,Bell_pepper_leaf,plantdoc_classification
datasets\raw\plantdoc_classification\train\Tomato_Septoria_leaf_spot\train_Tomato Septoria leaf spot_127.jpg,Tomato_Septoria_leaf_spot,plantdoc_classification
datasets\raw\plantdoc_classification\train\Corn_leaf_blight\train_Corn leaf blight_93.jpg,Corn_leaf_blight,plantdoc_classification
datasets\raw\plantdoc_classification\train\Apple_leaf\train_Apple leaf_42.jpg,Apple_leaf,plantdoc_classification
datasets\raw\plantdoc_classification\train\Raspberry_leaf\train_Raspberry leaf_89.jpg,Raspberry_leaf,plantdoc_classification
datasets\raw\plantdoc_classification\train\Tomato_Early_blight_leaf\train_Tomato Early blight leaf_40.jpg,Tomato_Early_blight_leaf,plantdoc_classification
datasets\raw\plantdoc_classification\train\Peach_leaf\train_Peach leaf_22.jpg,Peach_leaf,plantdoc_classification
datasets\raw\plantdoc_classification\train\grape_leaf\train_grape leaf_34.jpg,grape_leaf,plantdoc_classification
datasets\raw\plantdoc_classification\train\Blueberry_leaf\train_Blueberry leaf_90.jpg,Blueberry_leaf,plantdoc_classification
datasets\raw\plantdoc_classification\train\Corn_leaf_blight\train_Corn leaf blight_48.jpg,Corn_leaf_blight,plantdoc_classification
datasets\raw\plantdoc_classification\train\Tomato_mold_leaf\train_Tomato mold leaf_73.jpg,Tomato_mold_leaf,plantdoc_classification
datasets\raw\plantdoc_classification\train\Strawberry_leaf\train_Strawberry leaf_76.jpg,Strawberry_leaf,plantdoc_classification
datasets\raw\plantdoc_classification\train\Apple_leaf\train_Apple leaf_36.jpg,Apple_leaf,plantdoc_classification
datasets\raw\plantdoc_classification\train\Raspberry_leaf\train_Raspberry leaf_64.jpg,Raspberry_leaf,plantdoc_classification
datasets\raw\plantdoc_classification\train\Cherry_leaf\train_Cherry leaf_12.jpg,Cherry_leaf,plantdoc_classification
datasets\raw\plantdoc_classification\train\Corn_leaf_blight\train_Corn leaf blight_98.jpg,Corn_leaf_blight,plantdoc_classification
datasets\raw\plantdoc_classification\train\Corn_leaf_blight\train_Corn leaf blight_37.jpg,Corn_leaf_blight,plantdoc_classification
datasets\raw\plantdoc_classification\train\Corn_rust_leaf\train_Corn rust leaf_76.jpg,Corn_rust_leaf,plantdoc_classification
datasets\raw\plantdoc_classification\train\Corn_leaf_blight\train_Corn leaf blight_112.jpg,Corn_leaf_blight,plantdoc_classification
datasets\raw\plantdoc_classification\train\Corn_leaf_blight\train_Corn leaf blight_32.jpg,Corn_leaf_blight,plantdoc_classification
datasets\raw\plantdoc_classification\train\Potato_leaf_late_blight\train_Potato leaf late blight_97_5.jpg,Potato_leaf_late_blight,plantdoc_classification
datasets\raw\plantdoc_classification\train\Squash_Powdery_mildew_leaf\train_Squash Powdery mildew leaf_92.jpg,Squash_Powdery_mildew_leaf,plantdoc_classification
datasets\raw\plantdoc_classification\train\Tomato_leaf_yellow_virus\train_Tomato leaf yellow virus_8_9.jpg,Tomato_leaf_yellow_virus,plantdoc_classification
datasets\raw\plantdoc_classification\train\Potato_leaf_late_blight\train_Potato leaf late blight_69_1.jpg,Potato_leaf_late_blight,plantdoc_classification
datasets\raw\plantdoc_classification\train\Tomato_leaf_bacterial_spot\train_Tomato leaf bacterial spot_92.jpg,Tomato_leaf_bacterial_spot,plantdoc_classification
datasets\raw\plantdoc_classification\train\Corn_rust_leaf\train_Corn rust leaf_11.jpg,Corn_rust_leaf,plantdoc_classification
datasets\raw\plantdoc_classification\train\Strawberry_leaf\train_Strawberry leaf_69.jpg,Strawberry_leaf,plantdoc_classification
datasets\raw\plantdoc_classification\train\Potato_leaf_early_blight\train_Potato leaf early blight_98_1.jpg,Potato_leaf_early_blight,plantdoc_classification
datasets\raw\plantdoc_classification\train\grape_leaf\train_grape leaf_11_1.jpg,grape_leaf,plantdoc_classification
datasets\raw\plantdoc_classification\train\Peach_leaf\train_Peach leaf_80.jpg,Peach_leaf,plantdoc_classification
datasets\raw\plantdoc_classification\train\Bell_pepper_leaf_spot\train_Bell_pepper leaf spot_34.jpg,Bell_pepper_leaf_spot,plantdoc_classification
datasets\raw\plantdoc_classification\train\grape_leaf\train_grape leaf_52.jpg,grape_leaf,plantdoc_classification
datasets\raw\plantdoc_classification\train\Squash_Powdery_mildew_leaf\train_Squash Powdery mildew leaf_97.jpg,Squash_Powdery_mildew_leaf,plantdoc_classification
datasets\raw\plantdoc_classification\train\Strawberry_leaf\train_Strawberry leaf_86.jpg,Strawberry_leaf,plantdoc_classification
datasets\raw\plantdoc_classification\train\Apple_leaf\train_Apple leaf_16.jpg,Apple_leaf,plantdoc_classification
datasets\raw\plantdoc_classification\train\Corn_rust_leaf\train_Corn rust leaf_1.jpg,Corn_rust_leaf,plantdoc_classification
datasets\raw\plantdoc_classification\train\Potato_leaf_early_blight\train_Potato leaf early blight_65.jpg,Potato_leaf_early_blight,plantdoc_classification
datasets\raw\plantdoc_classification\train\Squash_Powdery_mildew_leaf\train_Squash Powdery mildew leaf_21.jpg,Squash_Powdery_mildew_leaf,plantdoc_classification
datasets\raw\plantdoc_classification\train\Squash_Powdery_mildew_leaf\train_Squash Powdery mildew leaf_116.jpg,Squash_Powdery_mildew_leaf,plantdoc_classification
datasets\raw\plantdoc_classification\train\Tomato_Septoria_leaf_spot\train_Tomato Septoria leaf spot_14.jpg,Tomato_Septoria_leaf_spot,plantdoc_classification
datasets\raw\plantdoc_classification\train\Peach_leaf\train_Peach leaf_66.jpg,Peach_leaf,plantdoc_classification
datasets\raw\plantdoc_classification\train\Tomato_leaf_bacterial_spot\train_Tomato leaf bacterial spot_101.jpg,Tomato_leaf_bacterial_spot,plantdoc_classification
datasets\raw\plantdoc_classification\train\Tomato_leaf_bacterial_spot\train_Tomato leaf bacterial spot_23.jpg,Tomato_leaf_bacterial_spot,plantdoc_classification
datasets\raw\plantdoc_classification\train\Raspberry_leaf\train_Raspberry leaf_40.jpg,Raspberry_leaf,plantdoc_classification
datasets\raw\plantdoc_classification\train\Corn_leaf_blight\train_Corn leaf blight_168.jpg,Corn_leaf_blight,plantdoc_classification
datasets\raw\plantdoc_classification\train\Squash_Powdery_mildew_leaf\train_Squash Powdery mildew leaf_63.jpg,Squash_Powdery_mildew_leaf,plantdoc_classification
datasets\raw\plantdoc_classification\train\Corn_leaf_blight\train_Corn leaf blight_7.jpg,Corn_leaf_blight,plantdoc_classification
datasets\raw\plantdoc_classification\train\Raspberry_leaf\train_Raspberry leaf_52.jpg,Raspberry_leaf,plantdoc_classification
datasets\raw\plantdoc_classification\train\Bell_pepper_leaf\train_Bell_pepper leaf_9_1.jpg,Bell_pepper_leaf,plantdoc_classification
datasets\raw\plantdoc_classification\train\grape_leaf\train_grape leaf_39.jpg,grape_leaf,plantdoc_classification
datasets\raw\plantdoc_classification\train\grape_leaf_black_rot\train_grape leaf black rot_24_2.jpg,grape_leaf_black_rot,plantdoc_classification
datasets\raw\plantdoc_classification\train\Soyabean_leaf\train_Soyabean leaf_37.jpg,Soyabean_leaf,plantdoc_classification
datasets\raw\plantdoc_classification\train\Potato_leaf_late_blight\train_Potato leaf late blight_63_2.jpg,Potato_leaf_late_blight,plantdoc_classification
datasets\raw\plantdoc_classification\train\Corn_rust_leaf\train_Corn rust leaf_58.jpg,Corn_rust_leaf,plantdoc_classification
datasets\raw\plantdoc_classification\train\Tomato_Septoria_leaf_spot\train_Tomato Septoria leaf spot_64.jpg,Tomato_Septoria_leaf_spot,plantdoc_classification
datasets\raw\plantdoc_classification\train\Potato_leaf_early_blight\train_Potato leaf early blight_44.jpg,Potato_leaf_early_blight,plantdoc_classification
datasets\raw\plantdoc_classification\train\Potato_leaf_late_blight\train_Potato leaf late blight_90.jpg,Potato_leaf_late_blight,plantdoc_classification
datasets\raw\plantdoc_classification\train\Apple_leaf\train_Apple leaf_1.jpg,Apple_leaf,plantdoc_classification
datasets\raw\plantdoc_classification\train\Potato_leaf_late_blight\train_Potato leaf late blight_40_8.jpg,Potato_leaf_late_blight,plantdoc_classification
datasets\raw\plantdoc_classification\train\Strawberry_leaf\train_Strawberry leaf_23.jpg,Strawberry_leaf,plantdoc_classification
datasets\raw\plantdoc_classification\train\Blueberry_leaf\train_Blueberry leaf_16.jpg,Blueberry_leaf,plantdoc_classification
datasets\raw\plantdoc_classification\train\Tomato_Early_blight_leaf\train_Tomato Early blight leaf_60.jpg,Tomato_Early_blight_leaf,plantdoc_classification
datasets\raw\plantdoc_classification\train\grape_leaf_black_rot\train_grape leaf black rot_27.jpg,grape_leaf_black_rot,plantdoc_classification
datasets\raw\plantdoc_classification\train\grape_leaf_black_rot\train_grape leaf black rot_28.jpg,grape_leaf_black_rot,plantdoc_classification
datasets\raw\plantdoc_classification\train\Peach_leaf\train_Peach leaf_91.jpg,Peach_leaf,plantdoc_classification
datasets\raw\plantdoc_classification\train\Potato_leaf_early_blight\train_Potato leaf early blight_32.jpg,Potato_leaf_early_blight,plantdoc_classification
datasets\raw\plantdoc_classification\train\Soyabean_leaf\train_Soyabean leaf_14.jpg,Soyabean_leaf,plantdoc_classification
datasets\raw\plantdoc_classification\train\Tomato_Septoria_leaf_spot\train_Tomato Septoria leaf spot_39.jpg,Tomato_Septoria_leaf_spot,plantdoc_classification
datasets\raw\plantdoc_classification\train\Tomato_leaf_yellow_virus\train_Tomato leaf yellow virus_17_1.jpg,Tomato_leaf_yellow_virus,plantdoc_classification
datasets\raw\plantdoc_classification\train\Tomato_mold_leaf\train_Tomato mold leaf_36.jpg,Tomato_mold_leaf,plantdoc_classification
datasets\raw\plantdoc_classification\train\Apple_leaf\train_Apple leaf_10.jpg,Apple_leaf,plantdoc_classification
datasets\raw\plantdoc_classification\train\Potato_leaf_early_blight\train_Potato leaf early blight_85_6.jpg,Potato_leaf_early_blight,plantdoc_classification
datasets\raw\plantdoc_classification\train\Potato_leaf_early_blight\train_Potato leaf early blight_52.jpg,Potato_leaf_early_blight,plantdoc_classification
datasets\raw\plantdoc_classification\train\Apple_Scab_Leaf\train_Apple Scab Leaf_37.jpg,Apple_Scab_Leaf,plantdoc_classification
datasets\raw\plantdoc_classification\train\Apple_rust_leaf\train_Apple rust leaf_28.jpg,Apple_rust_leaf,plantdoc_classification
datasets\raw\plantdoc_classification\train\Potato_leaf_late_blight\train_Potato leaf late blight_30.jpg,Potato_leaf_late_blight,plantdoc_classification
datasets\raw\plantdoc_classification\train\Corn_leaf_blight\train_Corn leaf blight_109.jpg,Corn_leaf_blight,plantdoc_classification
datasets\raw\plantdoc_classification\train\Cherry_leaf\train_Cherry leaf_28.jpg,Cherry_leaf,plantdoc_classification
datasets\raw\plantdoc_classification\train\Corn_leaf_blight\train_Corn leaf blight_70.jpg,Corn_leaf_blight,plantdoc_classification
datasets\raw\plantdoc_classification\train\Potato_leaf_late_blight\train_Potato leaf late blight_40_1.jpg,Potato_leaf_late_blight,plantdoc_classification
datasets\raw\plantdoc_classification\train\Tomato_leaf_yellow_virus\train_Tomato leaf yellow virus_48_8.jpg,Tomato_leaf_yellow_virus,plantdoc_classification
datasets\raw\plantdoc_classification\train\Tomato_leaf_late_blight\train_Tomato leaf late blight_43.jpg,Tomato_leaf_late_blight,plantdoc_classification
datasets\raw\plantdoc_classification\train\Tomato_Septoria_leaf_spot\train_Tomato Septoria leaf spot_17.jpg,Tomato_Septoria_leaf_spot,plantdoc_classification
datasets\raw\plantdoc_classification\train\Peach_leaf\train_Peach leaf_65.jpg,Peach_leaf,plantdoc_classification
datasets\raw\plantdoc_classification\train\Tomato_leaf\train_Tomato leaf_23.jpg,Tomato_leaf,plantdoc_classification
datasets\raw\plantdoc_classification\train\Bell_pepper_leaf_spot\train_Bell_pepper leaf spot_38.jpg,Bell_pepper_leaf_spot,plantdoc_classification
datasets\raw\plantdoc_classification\train\Potato_leaf_late_blight\train_Potato leaf late blight_58.jpg,Potato_leaf_late_blight,plantdoc_classification
datasets\raw\plantdoc_classification\train\Strawberry_leaf\train_Strawberry leaf_59.jpg,Strawberry_leaf,plantdoc_classification
datasets\raw\plantdoc_classification\train\grape_leaf_black_rot\train_grape leaf black rot_54.jpg,grape_leaf_black_rot,plantdoc_classification
datasets\raw\plantdoc_classification\train\Corn_leaf_blight\train_Corn leaf blight_3.jpg,Corn_leaf_blight,plantdoc_classification
datasets\raw\plantdoc_classification\train\Corn_rust_leaf\train_Corn rust leaf_7.jpg,Corn_rust_leaf,plantdoc_classification
datasets\raw\plantdoc_classification\train\Potato_leaf_late_blight\train_Potato leaf late blight_28.jpg,Potato_leaf_late_blight,plantdoc_classification
datasets\raw\plantdoc_classification\train\Apple_leaf\train_Apple leaf_7.jpg,Apple_leaf,plantdoc_classification
datasets\raw\plantdoc_classification\train\Tomato_Septoria_leaf_spot\train_Tomato Septoria leaf spot_85.jpg,Tomato_Septoria_leaf_spot,plantdoc_classification
datasets\raw\plantdoc_classification\train\Tomato_leaf_yellow_virus\train_Tomato leaf yellow virus_8_3.jpg,Tomato_leaf_yellow_virus,plantdoc_classification
datasets\raw\plantdoc_classification\train\Corn_leaf_blight\train_Corn leaf blight_60.jpg,Corn_leaf_blight,plantdoc_classification
datasets\raw\plantdoc_classification\train\Tomato_leaf_mosaic_virus\train_Tomato leaf mosaic virus_44.jpg,Tomato_leaf_mosaic_virus,plantdoc_classification
datasets\raw\plantdoc_classification\train\Apple_leaf\train_Apple leaf_49.jpg,Apple_leaf,plantdoc_classification
datasets\raw\plantdoc_classification\train\Potato_leaf_late_blight\train_Potato leaf late blight_33_2.jpg,Potato_leaf_late_blight,plantdoc_classification
datasets\raw\plantdoc_classification\train\Corn_leaf_blight\train_Corn leaf blight_66.jpg,Corn_leaf_blight,plantdoc_classification
datasets\raw\plantdoc_classification\train\Soyabean_leaf\train_Soyabean leaf_23.jpg,Soyabean_leaf,plantdoc_classification
datasets\raw\plantdoc_classification\train\Tomato_leaf_late_blight\train_Tomato leaf late blight_46.jpg,Tomato_leaf_late_blight,plantdoc_classification
datasets\raw\plantdoc_classification\train\Potato_leaf_late_blight\train_Potato leaf late blight_55_5.jpg,Potato_leaf_late_blight,plantdoc_classification
datasets\raw\plantdoc_classification\train\Tomato_Septoria_leaf_spot\train_Tomato Septoria leaf spot_54.jpg,Tomato_Septoria_leaf_spot,plantdoc_classification
datasets\raw\plantdoc_classification\train\Raspberry_leaf\train_Raspberry leaf_106.jpg,Raspberry_leaf,plantdoc_classification
datasets\raw\plantdoc_classification\train\Raspberry_leaf\train_Raspberry leaf_70.jpg,Raspberry_leaf,plantdoc_classification
datasets\raw\plantdoc_classification\train\Squash_Powdery_mildew_leaf\train_Squash Powdery mildew leaf_38.jpg,Squash_Powdery_mildew_leaf,plantdoc_classification
datasets\raw\plantdoc_classification\train\Raspberry_leaf\train_Raspberry leaf_50.jpg,Raspberry_leaf,plantdoc_classification
datasets\raw\plantdoc_classification\train\Squash_Powdery_mildew_leaf\train_Squash Powdery mildew leaf_75.jpg,Squash_Powdery_mildew_leaf,plantdoc_classification
datasets\raw\plantdoc_classification\train\Squash_Powdery_mildew_leaf\train_Squash Powdery mildew leaf_5.jpg,Squash_Powdery_mildew_leaf,plantdoc_classification
datasets\raw\plantdoc_classification\train\Potato_leaf_late_blight\train_Potato leaf late blight_11.jpg,Potato_leaf_late_blight,plantdoc_classification
datasets\raw\plantdoc_classification\train\grape_leaf_black_rot\train_grape leaf black rot_34.jpg,grape_leaf_black_rot,plantdoc_classification
datasets\raw\plantdoc_classification\train\Apple_rust_leaf\train_Apple rust leaf_68.jpg,Apple_rust_leaf,plantdoc_classification
datasets\raw\plantdoc_classification\train\Strawberry_leaf\train_Strawberry leaf_21.jpg,Strawberry_leaf,plantdoc_classification
datasets\raw\plantdoc_classification\train\Apple_leaf\train_Apple leaf_72.jpg,Apple_leaf,plantdoc_classification
datasets\raw\plantdoc_classification\train\Squash_Powdery_mildew_leaf\train_Squash Powdery mildew leaf_44.jpg,Squash_Powdery_mildew_leaf,plantdoc_classification
datasets\raw\plantdoc_classification\train\Potato_leaf_early_blight\train_Potato leaf early blight_13_2.jpg,Potato_leaf_early_blight,plantdoc_classification
datasets\raw\plantdoc_classification\train\Tomato_Septoria_leaf_spot\train_Tomato Septoria leaf spot_80.jpg,Tomato_Septoria_leaf_spot,plantdoc_classification
datasets\raw\plantdoc_classification\train\Tomato_leaf_yellow_virus\train_Tomato leaf yellow virus_23_4.jpg,Tomato_leaf_yellow_virus,plantdoc_classification
datasets\raw\plantdoc_classification\train\Corn_leaf_blight\train_Corn leaf blight_17.jpg,Corn_leaf_blight,plantdoc_classification
datasets\raw\plantdoc_classification\train\Potato_leaf_late_blight\train_Potato leaf late blight_96.jpg,Potato_leaf_late_blight,plantdoc_classification
datasets\raw\plantdoc_classification\train\Tomato_leaf_yellow_virus\train_Tomato leaf yellow virus_57_1.jpg,Tomato_leaf_yellow_virus,plantdoc_classification
datasets\raw\plantdoc_classification\train\Corn_leaf_blight\train_Corn leaf blight_77.jpg,Corn_leaf_blight,plantdoc_classification
datasets\raw\plantdoc_classification\train\Tomato_Septoria_leaf_spot\train_Tomato Septoria leaf spot_49.jpg,Tomato_Septoria_leaf_spot,plantdoc_classification
datasets\raw\plantdoc_classification\train\Tomato_leaf\train_Tomato leaf_46_3.jpg,Tomato_leaf,plantdoc_classification
datasets\raw\plantdoc_classification\train\grape_leaf\train_grape leaf_20.jpg,grape_leaf,plantdoc_classification
datasets\raw\plantdoc_classification\train\Tomato_leaf_yellow_virus\train_Tomato leaf yellow virus_24_3.jpg,Tomato_leaf_yellow_virus,plantdoc_classification
datasets\raw\plantdoc_classification\train\Potato_leaf_late_blight\train_Potato leaf late blight_13.jpg,Potato_leaf_late_blight,plantdoc_classification
datasets\raw\plantdoc_classification\train\Apple_Scab_Leaf\train_Apple Scab Leaf_76.jpg,Apple_Scab_Leaf,plantdoc_classification
datasets\raw\plantdoc_classification\train\Squash_Powdery_mildew_leaf\train_Squash Powdery mildew leaf_54.jpg,Squash_Powdery_mildew_leaf,plantdoc_classification
datasets\raw\plantdoc_classification\train\Tomato_Early_blight_leaf\train_Tomato Early blight leaf_57.jpg,Tomato_Early_blight_leaf,plantdoc_classification
datasets\raw\plantdoc_classification\train\Tomato_Septoria_leaf_spot\train_Tomato Septoria leaf spot_62.jpg,Tomato_Septoria_leaf_spot,plantdoc_classification
datasets\raw\plantdoc_classification\train\grape_leaf_black_rot\train_grape leaf black rot_52_2.jpg,grape_leaf_black_rot,plantdoc_classification
datasets\raw\plantdoc_classification\train\Tomato_Septoria_leaf_spot\train_Tomato Septoria leaf spot_26.jpg,Tomato_Septoria_leaf_spot,plantdoc_classification
datasets\raw\plantdoc_classification\train\Squash_Powdery_mildew_leaf\train_Squash Powdery mildew leaf_118.jpg,Squash_Powdery_mildew_leaf,plantdoc_classification
datasets\raw\plantdoc_classification\train\Squash_Powdery_mildew_leaf\train_Squash Powdery mildew leaf_30.jpg,Squash_Powdery_mildew_leaf,plantdoc_classification
datasets\raw\plantdoc_classification\train\grape_leaf_black_rot\train_grape leaf black rot_8.jpg,grape_leaf_black_rot,plantdoc_classification
datasets\raw\plantdoc_classification\train\Potato_leaf_early_blight\train_Potato leaf early blight_83_3.jpg,Potato_leaf_early_blight,plantdoc_classification
datasets\raw\plantdoc_classification\train\Apple_rust_leaf\train_Apple rust leaf_60.jpg,Apple_rust_leaf,plantdoc_classification
datasets\raw\plantdoc_classification\train\Tomato_leaf_late_blight\train_Tomato leaf late blight_54.jpg,Tomato_leaf_late_blight,plantdoc_classification
datasets\raw\plantdoc_classification\train\Potato_leaf_early_blight\train_Potato leaf early blight_29.jpg,Potato_leaf_early_blight,plantdoc_classification
datasets\raw\plantdoc_classification\train\Tomato_leaf_bacterial_spot\train_Tomato leaf bacterial spot_52.jpg,Tomato_leaf_bacterial_spot,plantdoc_classification
datasets\raw\plantdoc_classification\train\Tomato_leaf_late_blight\train_Tomato leaf late blight_58.jpg,Tomato_leaf_late_blight,plantdoc_classification
datasets\raw\plantdoc_classification\train\Apple_rust_leaf\train_Apple rust leaf_53.jpg,Apple_rust_leaf,plantdoc_classification
datasets\raw\plantdoc_classification\train\Corn_rust_leaf\train_Corn rust leaf_60.jpg,Corn_rust_leaf,plantdoc_classification
datasets\raw\plantdoc_classification\train\Potato_leaf_late_blight\train_Potato leaf late blight_1.jpg,Potato_leaf_late_blight,plantdoc_classification
datasets\raw\plantdoc_classification\train\Tomato_Early_blight_leaf\train_Tomato Early blight leaf_4.jpg,Tomato_Early_blight_leaf,plantdoc_classification
datasets\raw\plantdoc_classification\train\Cherry_leaf\train_Cherry leaf_3.jpg,Cherry_leaf,plantdoc_classification
datasets\raw\plantdoc_classification\train\Blueberry_leaf\train_Blueberry leaf_19.jpg,Blueberry_leaf,plantdoc_classification
datasets\raw\plantdoc_classification\train\grape_leaf_black_rot\train_grape leaf black rot_46.jpg,grape_leaf_black_rot,plantdoc_classification
datasets\raw\plantdoc_classification\train\Tomato_leaf_late_blight\train_Tomato leaf late blight_79.jpg,Tomato_leaf_late_blight,plantdoc_classification
datasets\raw\plantdoc_classification\train\Peach_leaf\train_Peach leaf_39.jpg,Peach_leaf,plantdoc_classification
datasets\raw\plantdoc_classification\train\Corn_leaf_blight\train_Corn leaf blight_40.jpg,Corn_leaf_blight,plantdoc_classification
datasets\raw\plantdoc_classification\train\Potato_leaf_late_blight\train_Potato leaf late blight_25.jpg,Potato_leaf_late_blight,plantdoc_classification
datasets\raw\plantdoc_classification\train\Cherry_leaf\train_Cherry leaf_35.jpg,Cherry_leaf,plantdoc_classification
datasets\raw\plantdoc_classification\train\Potato_leaf_early_blight\train_Potato leaf early blight_106.jpg,Potato_leaf_early_blight,plantdoc_classification
datasets\raw\plantdoc_classification\train\grape_leaf_black_rot\train_grape leaf black rot_48_5.jpg,grape_leaf_black_rot,plantdoc_classification
datasets\raw\plantdoc_classification\train\Tomato_leaf_bacterial_spot\train_Tomato leaf bacterial spot_51.jpg,Tomato_leaf_bacterial_spot,plantdoc_classification
datasets\raw\plantdoc_classification\train\Tomato_Early_blight_leaf\train_Tomato Early blight leaf_78.jpg,Tomato_Early_blight_leaf,plantdoc_classification
datasets\raw\plantdoc_classification\train\Tomato_leaf_yellow_virus\train_Tomato leaf yellow virus_8_2.jpg,Tomato_leaf_yellow_virus,plantdoc_classification
datasets\raw\plantdoc_classification\train\Potato_leaf_late_blight\train_Potato leaf late blight_40_6.jpg,Potato_leaf_late_blight,plantdoc_classification
datasets\raw\plantdoc_classification\train\Corn_leaf_blight\train_Corn leaf blight_6.jpg,Corn_leaf_blight,plantdoc_classification
datasets\raw\plantdoc_classification\train\Corn_Gray_leaf_spot\train_Corn Gray leaf spot_18.jpg,Corn_Gray_leaf_spot,plantdoc_classification
datasets\raw\plantdoc_classification\train\Potato_leaf_early_blight\train_Potato leaf early blight_35.jpg,Potato_leaf_early_blight,plantdoc_classification
datasets\raw\plantdoc_classification\train\Tomato_leaf_yellow_virus\train_Tomato leaf yellow virus_26.jpg,Tomato_leaf_yellow_virus,plantdoc_classification
datasets\raw\plantdoc_classification\train\Corn_leaf_blight\train_Corn leaf blight_43.jpg,Corn_leaf_blight,plantdoc_classification
datasets\raw\plantdoc_classification\train\Potato_leaf_late_blight\train_Potato leaf late blight_87.jpg,Potato_leaf_late_blight,plantdoc_classification
datasets\raw\plantdoc_classification\train\Tomato_mold_leaf\train_Tomato mold leaf_75.jpg,Tomato_mold_leaf,plantdoc_classification
datasets\raw\plantdoc_classification\train\Bell_pepper_leaf_spot\train_Bell_pepper leaf spot_41.jpg,Bell_pepper_leaf_spot,plantdoc_classification
datasets\raw\plantdoc_classification\train\Corn_leaf_blight\train_Corn leaf blight_80.jpg,Corn_leaf_blight,plantdoc_classification
datasets\raw\plantdoc_classification\train\Squash_Powdery_mildew_leaf\train_Squash Powdery mildew leaf_94.jpg,Squash_Powdery_mildew_leaf,plantdoc_classification
datasets\raw\plantdoc_classification\train\Raspberry_leaf\train_Raspberry leaf_84.jpg,Raspberry_leaf,plantdoc_classification
datasets\raw\plantdoc_classification\train\Tomato_Septoria_leaf_spot\train_Tomato Septoria leaf spot_68.jpg,Tomato_Septoria_leaf_spot,plantdoc_classification
datasets\raw\plantdoc_classification\train\Tomato_leaf_mosaic_virus\train_Tomato leaf mosaic virus_29.jpg,Tomato_leaf_mosaic_virus,plantdoc_classification
datasets\raw\plantdoc_classification\train\grape_leaf_black_rot\train_grape leaf black rot_24_1.jpg,grape_leaf_black_rot,plantdoc_classification
datasets\raw\plantdoc_classification\train\Potato_leaf_early_blight\train_Potato leaf early blight_104_2.jpg,Potato_leaf_early_blight,plantdoc_classification
datasets\raw\plantdoc_classification\train\Tomato_Septoria_leaf_spot\train_Tomato Septoria leaf spot_28.jpg,Tomato_Septoria_leaf_spot,plantdoc_classification
datasets\raw\plantdoc_classification\train\Potato_leaf_early_blight\train_Potato leaf early blight_63.jpg,Potato_leaf_early_blight,plantdoc_classification
datasets\raw\plantdoc_classification\train\Corn_Gray_leaf_spot\train_Corn Gray leaf spot_15.jpg,Corn_Gray_leaf_spot,plantdoc_classification
datasets\raw\plantdoc_classification\train\Apple_leaf\train_Apple leaf_78.jpg,Apple_leaf,plantdoc_classification
datasets\raw\plantdoc_classification\train\Bell_pepper_leaf_spot\train_Bell_pepper leaf spot_42_1.jpg,Bell_pepper_leaf_spot,plantdoc_classification
datasets\raw\plantdoc_classification\train\Blueberry_leaf\train_Blueberry leaf_67.jpg,Blueberry_leaf,plantdoc_classification
datasets\raw\plantdoc_classification\train\Potato_leaf_early_blight\train_Potato leaf early blight_61.jpg,Potato_leaf_early_blight,plantdoc_classification
datasets\raw\plantdoc_classification\train\Squash_Powdery_mildew_leaf\train_Squash Powdery mildew leaf_51.jpg,Squash_Powdery_mildew_leaf,plantdoc_classification
datasets\raw\plantdoc_classification\train\Tomato_leaf_late_blight\train_Tomato leaf late blight_62.jpg,Tomato_leaf_late_blight,plantdoc_classification
datasets\raw\plantdoc_classification\train\Tomato_leaf_yellow_virus\train_Tomato leaf yellow virus_27_3.jpg,Tomato_leaf_yellow_virus,plantdoc_classification
datasets\raw\plantdoc_classification\train\Corn_rust_leaf\train_Corn rust leaf_97.jpg,Corn_rust_leaf,plantdoc_classification
datasets\raw\plantdoc_classification\train\Strawberry_leaf\train_Strawberry leaf_74.jpg,Strawberry_leaf,plantdoc_classification
datasets\raw\plantdoc_classification\train\Corn_leaf_blight\train_Corn leaf blight_113.jpg,Corn_leaf_blight,plantdoc_classification
datasets\raw\plantdoc_classification\train\Tomato_leaf_yellow_virus\train_Tomato leaf yellow virus_39_3.jpg,Tomato_leaf_yellow_virus,plantdoc_classification
datasets\raw\plantdoc_classification\train\Corn_leaf_blight\train_Corn leaf blight_30.jpg,Corn_leaf_blight,plantdoc_classification
datasets\raw\plantdoc_classification\train\Potato_leaf_late_blight\train_Potato leaf late blight_61.jpg,Potato_leaf_late_blight,plantdoc_classification
datasets\raw\plantdoc_classification\train\Potato_leaf_early_blight\train_Potato leaf early blight_41_5.jpg,Potato_leaf_early_blight,plantdoc_classification
datasets\raw\plantdoc_classification\train\Squash_Powdery_mildew_leaf\train_Squash Powdery mildew leaf_46.jpg,Squash_Powdery_mildew_leaf,plantdoc_classification
datasets\raw\plantdoc_classification\train\Apple_rust_leaf\train_Apple rust leaf_47_2.jpg,Apple_rust_leaf,plantdoc_classification
datasets\raw\plantdoc_classification\train\Strawberry_leaf\train_Strawberry leaf_31.jpg,Strawberry_leaf,plantdoc_classification
datasets\raw\plantdoc_classification\train\Peach_leaf\train_Peach leaf_34.jpg,Peach_leaf,plantdoc_classification
datasets\raw\plantdoc_classification\train\Tomato_leaf_yellow_virus\train_Tomato leaf yellow virus_11_8.jpg,Tomato_leaf_yellow_virus,plantdoc_classification
datasets\raw\plantdoc_classification\train\Soyabean_leaf\train_Soyabean leaf_19.jpg,Soyabean_leaf,plantdoc_classification
datasets\raw\plantdoc_classification\train\Apple_Scab_Leaf\train_Apple Scab Leaf_71.jpg,Apple_Scab_Leaf,plantdoc_classification
datasets\raw\plantdoc_classification\train\Potato_leaf_early_blight\train_Potato leaf early blight_34.jpg,Potato_leaf_early_blight,plantdoc_classification
datasets\raw\plantdoc_classification\train\Corn_rust_leaf\train_Corn rust leaf_67.jpg,Corn_rust_leaf,plantdoc_classification
datasets\raw\plantdoc_classification\train\Potato_leaf_early_blight\train_Potato leaf early blight_94_6.jpg,Potato_leaf_early_blight,plantdoc_classification
datasets\raw\plantdoc_classification\train\Tomato_leaf\train_Tomato leaf_41.jpg,Tomato_leaf,plantdoc_classification
datasets\raw\plantdoc_classification\train\Apple_rust_leaf\train_Apple rust leaf_29.jpg,Apple_rust_leaf,plantdoc_classification
datasets\raw\plantdoc_classification\train\Apple_leaf\train_Apple leaf_82.jpg,Apple_leaf,plantdoc_classification
datasets\raw\plantdoc_classification\train\Corn_leaf_blight\train_Corn leaf blight_22.jpg,Corn_leaf_blight,plantdoc_classification
datasets\raw\plantdoc_classification\train\Potato_leaf_late_blight\train_Potato leaf late blight_59.jpg,Potato_leaf_late_blight,plantdoc_classification
datasets\raw\plantdoc_classification\train\Potato_leaf_early_blight\train_Potato leaf early blight_90.jpg,Potato_leaf_early_blight,plantdoc_classification
datasets\raw\plantdoc_classification\train\Tomato_leaf_late_blight\train_Tomato leaf late blight_10.jpg,Tomato_leaf_late_blight,plantdoc_classification
datasets\raw\plantdoc_classification\train\Tomato_Septoria_leaf_spot\train_Tomato Septoria leaf spot_108.jpg,Tomato_Septoria_leaf_spot,plantdoc_classification
datasets\raw\plantdoc_classification\train\Tomato_leaf_mosaic_virus\train_Tomato leaf mosaic virus_23.jpg,Tomato_leaf_mosaic_virus,plantdoc_classification
datasets\raw\plantdoc_classification\train\Corn_leaf_blight\train_Corn leaf blight_130.jpg,Corn_leaf_blight,plantdoc_classification
datasets\raw\plantdoc_classification\train\Tomato_leaf_yellow_virus\train_Tomato leaf yellow virus_8_8.jpg,Tomato_leaf_yellow_virus,plantdoc_classification
datasets\raw\plantdoc_classification\train\Potato_leaf_early_blight\train_Potato leaf early blight_88_3.jpg,Potato_leaf_early_blight,plantdoc_classification
datasets\raw\plantdoc_classification\train\Apple_rust_leaf\train_Apple rust leaf_42_3.jpg,Apple_rust_leaf,plantdoc_classification
datasets\raw\plantdoc_classification\train\Tomato_leaf_yellow_virus\train_Tomato leaf yellow virus_1_3.jpg,Tomato_leaf_yellow_virus,plantdoc_classification
datasets\raw\plantdoc_classification\train\Apple_leaf\train_Apple leaf_46.jpg,Apple_leaf,plantdoc_classification
datasets\raw\plantdoc_classification\train\Squash_Powdery_mildew_leaf\train_Squash Powdery mildew leaf_50.jpg,Squash_Powdery_mildew_leaf,plantdoc_classification
datasets\raw\plantdoc_classification\train\Tomato_leaf_bacterial_spot\train_Tomato leaf bacterial spot_47.jpg,Tomato_leaf_bacterial_spot,plantdoc_classification
datasets\raw\plantdoc_classification\train\Apple_rust_leaf\train_Apple rust leaf_3.jpg,Apple_rust_leaf,plantdoc_classification
datasets\raw\plantdoc_classification\train\Tomato_Septoria_leaf_spot\train_Tomato Septoria leaf spot_134_4.jpg,Tomato_Septoria_leaf_spot,plantdoc_classification
datasets\raw\plantdoc_classification\train\Apple_Scab_Leaf\train_Apple Scab Leaf_69.jpg,Apple_Scab_Leaf,plantdoc_classification
datasets\raw\plantdoc_classification\train\Cherry_leaf\train_Cherry leaf_7.jpg,Cherry_leaf,plantdoc_classification
datasets\raw\plantdoc_classification\train\Potato_leaf_early_blight\train_Potato leaf early blight_8.jpg,Potato_leaf_early_blight,plantdoc_classification
datasets\raw\plantdoc_classification\train\Tomato_mold_leaf\train_Tomato mold leaf_5.jpg,Tomato_mold_leaf,plantdoc_classification
datasets\raw\plantdoc_classification\train\Apple_rust_leaf\train_Apple rust leaf_42_1.jpg,Apple_rust_leaf,plantdoc_classification
datasets\raw\plantdoc_classification\train\Tomato_leaf\train_Tomato leaf_48.jpg,Tomato_leaf,plantdoc_classification
datasets\raw\plantdoc_classification\train\Apple_leaf\train_Apple leaf_22.jpg,Apple_leaf,plantdoc_classification
datasets\raw\plantdoc_classification\train\Corn_leaf_blight\train_Corn leaf blight_34.jpg,Corn_leaf_blight,plantdoc_classification
datasets\raw\plantdoc_classification\train\Tomato_leaf_late_blight\train_Tomato leaf late blight_99.jpg,Tomato_leaf_late_blight,plantdoc_classification
datasets\raw\plantdoc_classification\train\Corn_leaf_blight\train_Corn leaf blight_139.jpg,Corn_leaf_blight,plantdoc_classification
datasets\raw\plantdoc_classification\train\Squash_Powdery_mildew_leaf\train_Squash Powdery mildew leaf_31.jpg,Squash_Powdery_mildew_leaf,plantdoc_classification
datasets\raw\plantdoc_classification\train\grape_leaf\train_grape leaf_12.jpg,grape_leaf,plantdoc_classification
datasets\raw\plantdoc_classification\train\grape_leaf\train_grape leaf_15.jpg,grape_leaf,plantdoc_classification
datasets\raw\plantdoc_classification\train\Potato_leaf_early_blight\train_Potato leaf early blight_85_4.jpg,Potato_leaf_early_blight,plantdoc_classification
datasets\raw\plantdoc_classification\train\Tomato_Septoria_leaf_spot\train_Tomato Septoria leaf spot_103.jpg,Tomato_Septoria_leaf_spot,plantdoc_classification
datasets\raw\plantdoc_classification\train\Raspberry_leaf\train_Raspberry leaf_47.jpg,Raspberry_leaf,plantdoc_classification
datasets\raw\plantdoc_classification\train\Strawberry_leaf\train_Strawberry leaf_36.jpg,Strawberry_leaf,plantdoc_classification
datasets\raw\plantdoc_classification\train\Tomato_leaf_yellow_virus\train_Tomato leaf yellow virus_63_2.jpg,Tomato_leaf_yellow_virus,plantdoc_classification
datasets\raw\plantdoc_classification\train\Corn_rust_leaf\train_Corn rust leaf_82.jpg,Corn_rust_leaf,plantdoc_classification
datasets\raw\plantdoc_classification\train\Raspberry_leaf\train_Raspberry leaf_99.jpg,Raspberry_leaf,plantdoc_classification
datasets\raw\plantdoc_classification\train\Cherry_leaf\train_Cherry leaf_1.jpg,Cherry_leaf,plantdoc_classification
datasets\raw\plantdoc_classification\train\Squash_Powdery_mildew_leaf\train_Squash Powdery mildew leaf_110.jpg,Squash_Powdery_mildew_leaf,plantdoc_classification
datasets\raw\plantdoc_classification\train\Tomato_leaf_bacterial_spot\train_Tomato leaf bacterial spot_8.jpg,Tomato_leaf_bacterial_spot,plantdoc_classification
datasets\raw\plantdoc_classification\train\Tomato_Early_blight_leaf\train_Tomato Early blight leaf_55.jpg,Tomato_Early_blight_leaf,plantdoc_classification
datasets\raw\plantdoc_classification\train\Blueberry_leaf\train_Blueberry leaf_23.jpg,Blueberry_leaf,plantdoc_classification
datasets\raw\plantdoc_classification\train\Tomato_leaf_late_blight\train_Tomato leaf late blight_13.jpg,Tomato_leaf_late_blight,plantdoc_classification
datasets\raw\plantdoc_classification\train\Tomato_Septoria_leaf_spot\train_Tomato Septoria leaf spot_31.jpg,Tomato_Septoria_leaf_spot,plantdoc_classification
datasets\raw\plantdoc_classification\train\Tomato_Early_blight_leaf\train_Tomato Early blight leaf_62.jpg,Tomato_Early_blight_leaf,plantdoc_classification
datasets\raw\plantdoc_classification\train\Tomato_mold_leaf\train_Tomato mold leaf_49.jpg,Tomato_mold_leaf,plantdoc_classification
datasets\raw\plantdoc_classification\train\Potato_leaf_late_blight\train_Potato leaf late blight_64.jpg,Potato_leaf_late_blight,plantdoc_classification
datasets\raw\plantdoc_classification\train\Blueberry_leaf\train_Blueberry leaf_59.jpg,Blueberry_leaf,plantdoc_classification
datasets\raw\plantdoc_classification\train\Tomato_leaf_late_blight\train_Tomato leaf late blight_44.jpg,Tomato_leaf_late_blight,plantdoc_classification
datasets\raw\plantdoc_classification\train\Raspberry_leaf\train_Raspberry leaf_66.jpg,Raspberry_leaf,plantdoc_classification
datasets\raw\plantdoc_classification\train\grape_leaf\train_grape leaf_42.jpg,grape_leaf,plantdoc_classification
datasets\raw\plantdoc_classification\train\Squash_Powdery_mildew_leaf\train_Squash Powdery mildew leaf_64.jpg,Squash_Powdery_mildew_leaf,plantdoc_classification
datasets\raw\plantdoc_classification\train\Corn_leaf_blight\train_Corn leaf blight_103.jpg,Corn_leaf_blight,plantdoc_classification
datasets\raw\plantdoc_classification\train\Tomato_leaf_yellow_virus\train_Tomato leaf yellow virus_8_20.jpg,Tomato_leaf_yellow_virus,plantdoc_classification
datasets\raw\plantdoc_classification\train\Bell_pepper_leaf_spot\train_Bell_pepper leaf spot_35.jpg,Bell_pepper_leaf_spot,plantdoc_classification
datasets\raw\plantdoc_classification\train\Apple_Scab_Leaf\train_Apple Scab Leaf_63.jpg,Apple_Scab_Leaf,plantdoc_classification
datasets\raw\plantdoc_classification\train\Potato_leaf_early_blight\train_Potato leaf early blight_98_6.jpg,Potato_leaf_early_blight,plantdoc_classification
datasets\raw\plantdoc_classification\train\Soyabean_leaf\train_Soyabean leaf_49.jpg,Soyabean_leaf,plantdoc_classification
datasets\raw\plantdoc_classification\train\Tomato_leaf_yellow_virus\train_Tomato leaf yellow virus_48_7.jpg,Tomato_leaf_yellow_virus,plantdoc_classification
datasets\raw\plantdoc_classification\train\Tomato_Septoria_leaf_spot\train_Tomato Septoria leaf spot_105.jpg,Tomato_Septoria_leaf_spot,plantdoc_classification
datasets\raw\plantdoc_classification\train\Tomato_mold_leaf\train_Tomato mold leaf_11.jpg,Tomato_mold_leaf,plantdoc_classification
datasets\raw\plantdoc_classification\train\Bell_pepper_leaf_spot\train_Bell_pepper leaf spot_53.jpg,Bell_pepper_leaf_spot,plantdoc_classification
datasets\raw\plantdoc_classification\train\Tomato_leaf_mosaic_virus\train_Tomato leaf mosaic virus_4.jpg,Tomato_leaf_mosaic_virus,plantdoc_classification
datasets\raw\plantdoc_classification\train\Apple_rust_leaf\train_Apple rust leaf_66_2.jpg,Apple_rust_leaf,plantdoc_classification
datasets\raw\plantdoc_classification\train\Potato_leaf_early_blight\train_Potato leaf early blight_78_4.jpg,Potato_leaf_early_blight,plantdoc_classification
datasets\raw\plantdoc_classification\train\Bell_pepper_leaf\train_Bell_pepper leaf_47_1.jpg,Bell_pepper_leaf,plantdoc_classification
datasets\raw\plantdoc_classification\train\Squash_Powdery_mildew_leaf\train_Squash Powdery mildew leaf_40.jpg,Squash_Powdery_mildew_leaf,plantdoc_classification
datasets\raw\plantdoc_classification\train\Tomato_Early_blight_leaf\train_Tomato Early blight leaf_74.jpg,Tomato_Early_blight_leaf,plantdoc_classification
datasets\raw\plantdoc_classification\train\Raspberry_leaf\train_Raspberry leaf_26.jpg,Raspberry_leaf,plantdoc_classification
datasets\raw\plantdoc_classification\train\Peach_leaf\train_Peach leaf_26.jpg,Peach_leaf,plantdoc_classification
datasets\raw\plantdoc_classification\train\Squash_Powdery_mildew_leaf\train_Squash Powdery mildew leaf_82.jpg,Squash_Powdery_mildew_leaf,plantdoc_classification
datasets\raw\plantdoc_classification\train\Corn_rust_leaf\train_Corn rust leaf_74.jpg,Corn_rust_leaf,plantdoc_classification
datasets\raw\plantdoc_classification\train\Tomato_leaf_bacterial_spot\train_Tomato leaf bacterial spot_30.jpg,Tomato_leaf_bacterial_spot,plantdoc_classification
datasets\raw\plantdoc_classification\train\Tomato_leaf_late_blight\train_Tomato leaf late blight_47.jpg,Tomato_leaf_late_blight,plantdoc_classification
datasets\raw\plantdoc_classification\train\Tomato_leaf_late_blight\train_Tomato leaf late blight_19.jpg,Tomato_leaf_late_blight,plantdoc_classification
datasets\raw\plantdoc_classification\train\grape_leaf_black_rot\train_grape leaf black rot_56.jpg,grape_leaf_black_rot,plantdoc_classification
datasets\raw\plantdoc_classification\train\Tomato_Septoria_leaf_spot\train_Tomato Septoria leaf spot_89.jpg,Tomato_Septoria_leaf_spot,plantdoc_classification
datasets\raw\plantdoc_classification\train\grape_leaf_black_rot\train_grape leaf black rot_7.jpg,grape_leaf_black_rot,plantdoc_classification
datasets\raw\plantdoc_classification\train\Tomato_leaf_late_blight\train_Tomato leaf late blight_26.jpg,Tomato_leaf_late_blight,plantdoc_classification
datasets\raw\plantdoc_classification\train\Tomato_leaf_late_blight\train_Tomato leaf late blight_41.jpg,Tomato_leaf_late_blight,plantdoc_classification
datasets\raw\plantdoc_classification\train\Peach_leaf\train_Peach leaf_76.jpg,Peach_leaf,plantdoc_classification
datasets\raw\plantdoc_classification\train\Apple_Scab_Leaf\train_Apple Scab Leaf_13.jpg,Apple_Scab_Leaf,plantdoc_classification
datasets\raw\plantdoc_classification\train\Potato_leaf_late_blight\train_Potato leaf late blight_40_3.jpg,Potato_leaf_late_blight,plantdoc_classification
datasets\raw\plantdoc_classification\train\grape_leaf\train_grape leaf_10.jpg,grape_leaf,plantdoc_classification
datasets\raw\plantdoc_classification\train\Cherry_leaf\train_Cherry leaf_24.jpg,Cherry_leaf,plantdoc_classification
datasets\raw\plantdoc_classification\train\Blueberry_leaf\train_Blueberry leaf_47.jpg,Blueberry_leaf,plantdoc_classification
datasets\raw\plantdoc_classification\train\Tomato_leaf_late_blight\train_Tomato leaf late blight_101.jpg,Tomato_leaf_late_blight,plantdoc_classification
datasets\raw\plantdoc_classification\train\Tomato_leaf_yellow_virus\train_Tomato leaf yellow virus_6_4.jpg,Tomato_leaf_yellow_virus,plantdoc_classification
datasets\raw\plantdoc_classification\train\Corn_rust_leaf\train_Corn rust leaf_55.jpg,Corn_rust_leaf,plantdoc_classification
datasets\raw\plantdoc_classification\train\Corn_leaf_blight\train_Corn leaf blight_73.jpg,Corn_leaf_blight,plantdoc_classification
datasets\raw\plantdoc_classification\train\Blueberry_leaf\train_Blueberry leaf_36.jpg,Blueberry_leaf,plantdoc_classification
datasets\raw\plantdoc_classification\train\Squash_Powdery_mildew_leaf\train_Squash Powdery mildew leaf_86.jpg,Squash_Powdery_mildew_leaf,plantdoc_classification
datasets\raw\plantdoc_classification\train\Tomato_leaf_bacterial_spot\train_Tomato leaf bacterial spot_36.jpg,Tomato_leaf_bacterial_spot,plantdoc_classification
datasets\raw\plantdoc_classification\train\Corn_rust_leaf\train_Corn rust leaf_91.jpg,Corn_rust_leaf,plantdoc_classification
datasets\raw\plantdoc_classification\train\grape_leaf\train_grape leaf_54.jpg,grape_leaf,plantdoc_classification
datasets\raw\plantdoc_classification\train\Tomato_leaf_yellow_virus\train_Tomato leaf yellow virus_22.jpg,Tomato_leaf_yellow_virus,plantdoc_classification
datasets\raw\plantdoc_classification\train\Tomato_leaf_late_blight\train_Tomato leaf late blight_28.jpg,Tomato_leaf_late_blight,plantdoc_classification
datasets\raw\plantdoc_classification\train\Apple_leaf\train_Apple leaf_19.jpg,Apple_leaf,plantdoc_classification
datasets\raw\plantdoc_classification\train\Corn_leaf_blight\train_Corn leaf blight_25.jpg,Corn_leaf_blight,plantdoc_classification
datasets\raw\plantdoc_classification\train\Potato_leaf_late_blight\train_Potato leaf late blight_52.jpg,Potato_leaf_late_blight,plantdoc_classification
datasets\raw\plantdoc_classification\train\Raspberry_leaf\train_Raspberry leaf_29.jpg,Raspberry_leaf,plantdoc_classification
datasets\raw\plantdoc_classification\train\Tomato_leaf_late_blight\train_Tomato leaf late blight_57.jpg,Tomato_leaf_late_blight,plantdoc_classification
datasets\raw\plantdoc_classification\train\Bell_pepper_leaf\train_Bell_pepper leaf_9_2.jpg,Bell_pepper_leaf,plantdoc_classification
datasets\raw\plantdoc_classification\train\Potato_leaf_early_blight\train_Potato leaf early blight_26.jpg,Potato_leaf_early_blight,plantdoc_classification
datasets\raw\plantdoc_classification\train\Tomato_Early_blight_leaf\train_Tomato Early blight leaf_11.jpg,Tomato_Early_blight_leaf,plantdoc_classification
datasets\raw\plantdoc_classification\train\Apple_rust_leaf\train_Apple rust leaf_70.jpg,Apple_rust_leaf,plantdoc_classification
datasets\raw\plantdoc_classification\train\Raspberry_leaf\train_Raspberry leaf_86.jpg,Raspberry_leaf,plantdoc_classification
datasets\raw\plantdoc_classification\train\Corn_leaf_blight\train_Corn leaf blight_31.jpg,Corn_leaf_blight,plantdoc_classification
datasets\raw\plantdoc_classification\train\Apple_rust_leaf\train_Apple rust leaf_66_3.jpg,Apple_rust_leaf,plantdoc_classification
datasets\raw\plantdoc_classification\train\Bell_pepper_leaf\train_Bell_pepper leaf_30_2.jpg,Bell_pepper_leaf,plantdoc_classification
datasets\raw\plantdoc_classification\train\Apple_rust_leaf\train_Apple rust leaf_5.jpg,Apple_rust_leaf,plantdoc_classification
datasets\raw\plantdoc_classification\train\grape_leaf_black_rot\train_grape leaf black rot_53.jpg,grape_leaf_black_rot,plantdoc_classification
datasets\raw\plantdoc_classification\train\Corn_leaf_blight\train_Corn leaf blight_178.jpg,Corn_leaf_blight,plantdoc_classification
datasets\raw\plantdoc_classification\train\Tomato_Early_blight_leaf\train_Tomato Early blight leaf_14.jpg,Tomato_Early_blight_leaf,plantdoc_classification
datasets\raw\plantdoc_classification\train\Tomato_Early_blight_leaf\train_Tomato Early blight leaf_65.jpg,Tomato_Early_blight_leaf,plantdoc_classification
datasets\raw\plantdoc_classification\train\Peach_leaf\train_Peach leaf_74.jpg,Peach_leaf,plantdoc_classification
datasets\raw\plantdoc_classification\train\Potato_leaf_early_blight\train_Potato leaf early blight_69.jpg,Potato_leaf_early_blight,plantdoc_classification
datasets\raw\plantdoc_classification\train\Tomato_leaf\train_Tomato leaf_22.jpg,Tomato_leaf,plantdoc_classification
datasets\raw\plantdoc_classification\train\Apple_Scab_Leaf\train_Apple Scab Leaf_7.jpg,Apple_Scab_Leaf,plantdoc_classification
datasets\raw\plantdoc_classification\train\Corn_leaf_blight\train_Corn leaf blight_110.jpg,Corn_leaf_blight,plantdoc_classification
datasets\raw\plantdoc_classification\train\Tomato_leaf_late_blight\train_Tomato leaf late blight_8.jpg,Tomato_leaf_late_blight,plantdoc_classification
datasets\raw\plantdoc_classification\train\Potato_leaf_early_blight\train_Potato leaf early blight_40.jpg,Potato_leaf_early_blight,plantdoc_classification
datasets\raw\plantdoc_classification\train\Raspberry_leaf\train_Raspberry leaf_38.jpg,Raspberry_leaf,plantdoc_classification
datasets\raw\plantdoc_classification\train\Squash_Powdery_mildew_leaf\train_Squash Powdery mildew leaf_122.jpg,Squash_Powdery_mildew_leaf,plantdoc_classification
datasets\raw\plantdoc_classification\train\Apple_rust_leaf\train_Apple rust leaf_78.jpg,Apple_rust_leaf,plantdoc_classification
datasets\raw\plantdoc_classification\train\Apple_rust_leaf\train_Apple rust leaf_8.jpg,Apple_rust_leaf,plantdoc_classification
datasets\raw\plantdoc_classification\train\Raspberry_leaf\train_Raspberry leaf_68.jpg,Raspberry_leaf,plantdoc_classification
datasets\raw\plantdoc_classification\train\Apple_Scab_Leaf\train_Apple Scab Leaf_54.jpg,Apple_Scab_Leaf,plantdoc_classification
datasets\raw\plantdoc_classification\train\Corn_Gray_leaf_spot\train_Corn Gray leaf spot_30.jpg,Corn_Gray_leaf_spot,plantdoc_classification
datasets\raw\plantdoc_classification\train\Potato_leaf_late_blight\train_Potato leaf late blight_67.jpg,Potato_leaf_late_blight,plantdoc_classification
datasets\raw\plantdoc_classification\train\Tomato_mold_leaf\train_Tomato mold leaf_44.jpg,Tomato_mold_leaf,plantdoc_classification
datasets\raw\plantdoc_classification\train\Tomato_mold_leaf\train_Tomato mold leaf_58.jpg,Tomato_mold_leaf,plantdoc_classification
datasets\raw\plantdoc_classification\train\Apple_rust_leaf\train_Apple rust leaf_47_4.jpg,Apple_rust_leaf,plantdoc_classification
datasets\raw\plantdoc_classification\train\Tomato_Septoria_leaf_spot\train_Tomato Septoria leaf spot_29.jpg,Tomato_Septoria_leaf_spot,plantdoc_classification
datasets\raw\plantdoc_classification\train\Raspberry_leaf\train_Raspberry leaf_45.jpg,Raspberry_leaf,plantdoc_classification
datasets\raw\plantdoc_classification\train\grape_leaf_black_rot\train_grape leaf black rot_10.jpg,grape_leaf_black_rot,plantdoc_classification
datasets\raw\plantdoc_classification\train\Blueberry_leaf\train_Blueberry leaf_92.jpg,Blueberry_leaf,plantdoc_classification
datasets\raw\plantdoc_classification\train\grape_leaf_black_rot\train_grape leaf black rot_3.jpg,grape_leaf_black_rot,plantdoc_classification
datasets\raw\plantdoc_classification\train\Corn_leaf_blight\train_Corn leaf blight_12.jpg,Corn_leaf_blight,plantdoc_classification
datasets\raw\plantdoc_classification\train\Tomato_leaf_yellow_virus\train_Tomato leaf yellow virus_35_4.jpg,Tomato_leaf_yellow_virus,plantdoc_classification
datasets\raw\plantdoc_classification\train\Peach_leaf\train_Peach leaf_23.jpg,Peach_leaf,plantdoc_classification
datasets\raw\plantdoc_classification\train\Tomato_leaf_yellow_virus\train_Tomato leaf yellow virus_51_1.jpg,Tomato_leaf_yellow_virus,plantdoc_classification
datasets\raw\plantdoc_classification\train\Peach_leaf\train_Peach leaf_64.jpg,Peach_leaf,plantdoc_classification
datasets\raw\plantdoc_classification\train\Corn_leaf_blight\train_Corn leaf blight_69.jpg,Corn_leaf_blight,plantdoc_classification
datasets\raw\plantdoc_classification\train\Apple_leaf\train_Apple leaf_31.jpg,Apple_leaf,plantdoc_classification
datasets\raw\plantdoc_classification\train\Apple_Scab_Leaf\train_Apple Scab Leaf_80.jpg,Apple_Scab_Leaf,plantdoc_classification
datasets\raw\plantdoc_classification\train\Bell_pepper_leaf_spot\train_Bell_pepper leaf spot_57.jpg,Bell_pepper_leaf_spot,plantdoc_classification
datasets\raw\plantdoc_classification\train\Peach_leaf\train_Peach leaf_40.jpg,Peach_leaf,plantdoc_classification
datasets\raw\plantdoc_classification\train\Apple_rust_leaf\train_Apple rust leaf_36_3.jpg,Apple_rust_leaf,plantdoc_classification
datasets\raw\plantdoc_classification\train\Potato_leaf_late_blight\train_Potato leaf late blight_91_5.jpg,Potato_leaf_late_blight,plantdoc_classification
datasets\raw\plantdoc_classification\train\Corn_leaf_blight\train_Corn leaf blight_85.jpg,Corn_leaf_blight,plantdoc_classification
datasets\raw\plantdoc_classification\train\Potato_leaf_late_blight\train_Potato leaf late blight_97_6.jpg,Potato_leaf_late_blight,plantdoc_classification
datasets\raw\plantdoc_classification\train\Tomato_leaf_yellow_virus\train_Tomato leaf yellow virus_55_2.jpg,Tomato_leaf_yellow_virus,plantdoc_classification
datasets\raw\plantdoc_classification\train\Soyabean_leaf\train_Soyabean leaf_13.jpg,Soyabean_leaf,plantdoc_classification
datasets\raw\plantdoc_classification\train\Blueberry_leaf\train_Blueberry leaf_86.jpg,Blueberry_leaf,plantdoc_classification
datasets\raw\plantdoc_classification\train\Tomato_leaf_late_blight\train_Tomato leaf late blight_73.jpg,Tomato_leaf_late_blight,plantdoc_classification
datasets\raw\plantdoc_classification\train\Potato_leaf_late_blight\train_Potato leaf late blight_55_8.jpg,Potato_leaf_late_blight,plantdoc_classification
datasets\raw\plantdoc_classification\train\Tomato_leaf_late_blight\train_Tomato leaf late blight_81.jpg,Tomato_leaf_late_blight,plantdoc_classification
datasets\raw\plantdoc_classification\train\Tomato_leaf_yellow_virus\train_Tomato leaf yellow virus_40_3.jpg,Tomato_leaf_yellow_virus,plantdoc_classification
datasets\raw\plantdoc_classification\train\Tomato_Early_blight_leaf\train_Tomato Early blight leaf_19.jpg,Tomato_Early_blight_leaf,plantdoc_classification
datasets\raw\plantdoc_classification\train\Tomato_Septoria_leaf_spot\train_Tomato Septoria leaf spot_124_1.jpg,Tomato_Septoria_leaf_spot,plantdoc_classification
datasets\raw\plantdoc_classification\train\Tomato_leaf_yellow_virus\train_Tomato leaf yellow virus_8_28.jpg,Tomato_leaf_yellow_virus,plantdoc_classification
datasets\raw\plantdoc_classification\train\Raspberry_leaf\train_Raspberry leaf_74.jpg,Raspberry_leaf,plantdoc_classification
datasets\raw\plantdoc_classification\train\Tomato_leaf_bacterial_spot\train_Tomato leaf bacterial spot_3.jpg,Tomato_leaf_bacterial_spot,plantdoc_classification
datasets\raw\plantdoc_classification\train\Tomato_leaf_yellow_virus\train_Tomato leaf yellow virus_8_24.jpg,Tomato_leaf_yellow_virus,plantdoc_classification
datasets\raw\plantdoc_classification\train\Peach_leaf\train_Peach leaf_25.jpg,Peach_leaf,plantdoc_classification
datasets\raw\plantdoc_classification\train\Tomato_leaf_bacterial_spot\train_Tomato leaf bacterial spot_83.jpg,Tomato_leaf_bacterial_spot,plantdoc_classification
datasets\raw\plantdoc_classification\train\Tomato_leaf_bacterial_spot\train_Tomato leaf bacterial spot_91.jpg,Tomato_leaf_bacterial_spot,plantdoc_classification
datasets\raw\plantdoc_classification\train\Potato_leaf_early_blight\train_Potato leaf early blight_36.jpg,Potato_leaf_early_blight,plantdoc_classification
datasets\raw\plantdoc_classification\train\Tomato_mold_leaf\train_Tomato mold leaf_37.jpg,Tomato_mold_leaf,plantdoc_classification
datasets\raw\plantdoc_classification\train\Corn_rust_leaf\train_Corn rust leaf_46.jpg,Corn_rust_leaf,plantdoc_classification
datasets\raw\plantdoc_classification\train\grape_leaf_black_rot\train_grape leaf black rot_44.jpg,grape_leaf_black_rot,plantdoc_classification
datasets\raw\plantdoc_classification\train\Apple_rust_leaf\train_Apple rust leaf_33.jpg,Apple_rust_leaf,plantdoc_classification
datasets\raw\plantdoc_classification\train\Corn_rust_leaf\train_Corn rust leaf_4.jpg,Corn_rust_leaf,plantdoc_classification
datasets\raw\plantdoc_classification\train\Corn_leaf_blight\train_Corn leaf blight_150.jpg,Corn_leaf_blight,plantdoc_classification
datasets\raw\plantdoc_classification\train\Corn_rust_leaf\train_Corn rust leaf_48.jpg,Corn_rust_leaf,plantdoc_classification
datasets\raw\plantdoc_classification\train\grape_leaf_black_rot\train_grape leaf black rot_45_1.jpg,grape_leaf_black_rot,plantdoc_classification
datasets\raw\plantdoc_classification\train\Tomato_leaf_yellow_virus\train_Tomato leaf yellow virus_3_9.jpg,Tomato_leaf_yellow_virus,plantdoc_classification
datasets\raw\plantdoc_classification\train\Tomato_Early_blight_leaf\train_Tomato Early blight leaf_45.jpg,Tomato_Early_blight_leaf,plantdoc_classification
datasets\raw\plantdoc_classification\train\Tomato_leaf_yellow_virus\train_Tomato leaf yellow virus_56.jpg,Tomato_leaf_yellow_virus,plantdoc_classification
datasets\raw\plantdoc_classification\train\Tomato_leaf_mosaic_virus\train_Tomato leaf mosaic virus_39.jpg,Tomato_leaf_mosaic_virus,plantdoc_classification
datasets\raw\plantdoc_classification\train\Tomato_leaf_yellow_virus\train_Tomato leaf yellow virus_41_1.jpg,Tomato_leaf_yellow_virus,plantdoc_classification
datasets\raw\plantdoc_classification\train\Potato_leaf_early_blight\train_Potato leaf early blight_39_2.jpg,Potato_leaf_early_blight,plantdoc_classification
datasets\raw\plantdoc_classification\train\Tomato_leaf_yellow_virus\train_Tomato leaf yellow virus_12_1.jpg,Tomato_leaf_yellow_virus,plantdoc_classification
datasets\raw\plantdoc_classification\train\Raspberry_leaf\train_Raspberry leaf_46.jpg,Raspberry_leaf,plantdoc_classification
datasets\raw\plantdoc_classification\train\Soyabean_leaf\train_Soyabean leaf_25.jpg,Soyabean_leaf,plantdoc_classification
datasets\raw\plantdoc_classification\train\Squash_Powdery_mildew_leaf\train_Squash Powdery mildew leaf_47.jpg,Squash_Powdery_mildew_leaf,plantdoc_classification
datasets\raw\plantdoc_classification\train\Corn_leaf_blight\train_Corn leaf blight_61.jpg,Corn_leaf_blight,plantdoc_classification
datasets\raw\plantdoc_classification\train\Tomato_leaf_bacterial_spot\train_Tomato leaf bacterial spot_50.jpg,Tomato_leaf_bacterial_spot,plantdoc_classification
datasets\raw\plantdoc_classification\train\Raspberry_leaf\train_Raspberry leaf_91.jpg,Raspberry_leaf,plantdoc_classification
datasets\raw\plantdoc_classification\train\Tomato_leaf\train_Tomato leaf_49.jpg,Tomato_leaf,plantdoc_classification
datasets\raw\plantdoc_classification\train\Potato_leaf_early_blight\train_Potato leaf early blight_88_1.jpg,Potato_leaf_early_blight,plantdoc_classification
datasets\raw\plantdoc_classification\train\Squash_Powdery_mildew_leaf\train_Squash Powdery mildew leaf_22.jpg,Squash_Powdery_mildew_leaf,plantdoc_classification
datasets\raw\plantdoc_classification\train\Blueberry_leaf\train_Blueberry leaf_39.jpg,Blueberry_leaf,plantdoc_classification
datasets\raw\plantdoc_classification\train\grape_leaf_black_rot\train_grape leaf black rot_30.jpg,grape_leaf_black_rot,plantdoc_classification
datasets\raw\plantdoc_classification\train\Peach_leaf\train_Peach leaf_49.jpg,Peach_leaf,plantdoc_classification
datasets\raw\plantdoc_classification\train\Raspberry_leaf\train_Raspberry leaf_30.jpg,Raspberry_leaf,plantdoc_classification
datasets\raw\plantdoc_classification\train\Potato_leaf_late_blight\train_Potato leaf late blight_35_1.jpg,Potato_leaf_late_blight,plantdoc_classification
datasets\raw\plantdoc_classification\train\Squash_Powdery_mildew_leaf\train_Squash Powdery mildew leaf_88.jpg,Squash_Powdery_mildew_leaf,plantdoc_classification
datasets\raw\plantdoc_classification\train\Blueberry_leaf\train_Blueberry leaf_40.jpg,Blueberry_leaf,plantdoc_classification
datasets\raw\plantdoc_classification\train\Bell_pepper_leaf\train_Bell_pepper leaf_36_1.jpg,Bell_pepper_leaf,plantdoc_classification
datasets\raw\plantdoc_classification\train\Tomato_Early_blight_leaf\train_Tomato Early blight leaf_24.jpg,Tomato_Early_blight_leaf,plantdoc_classification
datasets\raw\plantdoc_classification\train\Corn_leaf_blight\train_Corn leaf blight_96.jpg,Corn_leaf_blight,plantdoc_classification
datasets\raw\plantdoc_classification\train\Tomato_mold_leaf\train_Tomato mold leaf_81.jpg,Tomato_mold_leaf,plantdoc_classification
datasets\raw\plantdoc_classification\train\Corn_leaf_blight\train_Corn leaf blight_120.jpg,Corn_leaf_blight,plantdoc_classification
datasets\raw\plantdoc_classification\train\Soyabean_leaf\train_Soyabean leaf_17.jpg,Soyabean_leaf,plantdoc_classification
datasets\raw\plantdoc_classification\train\Peach_leaf\train_Peach leaf_67.jpg,Peach_leaf,plantdoc_classification
datasets\raw\plantdoc_classification\train\Tomato_mold_leaf\train_Tomato mold leaf_21.jpg,Tomato_mold_leaf,plantdoc_classification
datasets\raw\plantdoc_classification\train\Potato_leaf_late_blight\train_Potato leaf late blight_31.jpg,Potato_leaf_late_blight,plantdoc_classification
datasets\raw\plantdoc_classification\train\Potato_leaf_early_blight\train_Potato leaf early blight_85_5.jpg,Potato_leaf_early_blight,plantdoc_classification
datasets\raw\plantdoc_classification\train\Tomato_mold_leaf\train_Tomato mold leaf_33.jpg,Tomato_mold_leaf,plantdoc_classification
datasets\raw\plantdoc_classification\train\Potato_leaf_late_blight\train_Potato leaf late blight_15.jpg,Potato_leaf_late_blight,plantdoc_classification
datasets\raw\plantdoc_classification\train\Tomato_leaf\train_Tomato leaf_24.jpg,Tomato_leaf,plantdoc_classification
datasets\raw\plantdoc_classification\train\Raspberry_leaf\train_Raspberry leaf_75.jpg,Raspberry_leaf,plantdoc_classification
datasets\raw\plantdoc_classification\train\Potato_leaf_late_blight\train_Potato leaf late blight_8.jpg,Potato_leaf_late_blight,plantdoc_classification
datasets\raw\plantdoc_classification\train\Raspberry_leaf\train_Raspberry leaf_21.jpg,Raspberry_leaf,plantdoc_classification
datasets\raw\plantdoc_classification\train\Tomato_mold_leaf\train_Tomato mold leaf_27.jpg,Tomato_mold_leaf,plantdoc_classification
datasets\raw\plantdoc_classification\train\Potato_leaf_late_blight\train_Potato leaf late blight_62.jpg,Potato_leaf_late_blight,plantdoc_classification
datasets\raw\plantdoc_classification\train\Corn_Gray_leaf_spot\train_Corn Gray leaf spot_10.jpg,Corn_Gray_leaf_spot,plantdoc_classification
datasets\raw\plantdoc_classification\train\Bell_pepper_leaf_spot\train_Bell_pepper leaf spot_62_1.jpg,Bell_pepper_leaf_spot,plantdoc_classification
datasets\raw\plantdoc_classification\train\Corn_Gray_leaf_spot\train_Corn Gray leaf spot_53.jpg,Corn_Gray_leaf_spot,plantdoc_classification
datasets\raw\plantdoc_classification\train\Corn_leaf_blight\train_Corn leaf blight_166.jpg,Corn_leaf_blight,plantdoc_classification
datasets\raw\plantdoc_classification\train\Apple_leaf\train_Apple leaf_44.jpg,Apple_leaf,plantdoc_classification
datasets\raw\plantdoc_classification\train\Apple_leaf\train_Apple leaf_62.jpg,Apple_leaf,plantdoc_classification
datasets\raw\plantdoc_classification\train\Raspberry_leaf\train_Raspberry leaf_39.jpg,Raspberry_leaf,plantdoc_classification
datasets\raw\plantdoc_classification\train\Corn_leaf_blight\train_Corn leaf blight_176.jpg,Corn_leaf_blight,plantdoc_classification
datasets\raw\plantdoc_classification\train\Potato_leaf_early_blight\train_Potato leaf early blight_13_6.jpg,Potato_leaf_early_blight,plantdoc_classification
datasets\raw\plantdoc_classification\train\Potato_leaf_early_blight\train_Potato leaf early blight_27.jpg,Potato_leaf_early_blight,plantdoc_classification
datasets\raw\plantdoc_classification\train\Soyabean_leaf\train_Soyabean leaf_43.jpg,Soyabean_leaf,plantdoc_classification
datasets\raw\plantdoc_classification\train\Raspberry_leaf\train_Raspberry leaf_43.jpg,Raspberry_leaf,plantdoc_classification
datasets\raw\plantdoc_classification\train\Potato_leaf_late_blight\train_Potato leaf late blight_19.jpg,Potato_leaf_late_blight,plantdoc_classification
datasets\raw\plantdoc_classification\train\Cherry_leaf\train_Cherry leaf_10.jpg,Cherry_leaf,plantdoc_classification
datasets\raw\plantdoc_classification\train\Potato_leaf_early_blight\train_Potato leaf early blight_94_2.jpg,Potato_leaf_early_blight,plantdoc_classification
datasets\raw\plantdoc_classification\train\Corn_rust_leaf\train_Corn rust leaf_83.jpg,Corn_rust_leaf,plantdoc_classification
datasets\raw\plantdoc_classification\train\Potato_leaf_early_blight\train_Potato leaf early blight_23.jpg,Potato_leaf_early_blight,plantdoc_classification
datasets\raw\plantdoc_classification\train\Apple_rust_leaf\train_Apple rust leaf_19.jpg,Apple_rust_leaf,plantdoc_classification
datasets\raw\plantdoc_classification\train\Tomato_leaf_late_blight\train_Tomato leaf late blight_20.jpg,Tomato_leaf_late_blight,plantdoc_classification
datasets\raw\plantdoc_classification\train\Potato_leaf_early_blight\train_Potato leaf early blight_25.jpg,Potato_leaf_early_blight,plantdoc_classification
datasets\raw\plantdoc_classification\train\Apple_leaf\train_Apple leaf_80.jpg,Apple_leaf,plantdoc_classification
datasets\raw\plantdoc_classification\train\Potato_leaf_early_blight\train_Potato leaf early blight_28_1.jpg,Potato_leaf_early_blight,plantdoc_classification
datasets\raw\plantdoc_classification\train\Potato_leaf_late_blight\train_Potato leaf late blight_97_4.jpg,Potato_leaf_late_blight,plantdoc_classification
datasets\raw\plantdoc_classification\train\Tomato_leaf_late_blight\train_Tomato leaf late blight_92.jpg,Tomato_leaf_late_blight,plantdoc_classification
datasets\raw\plantdoc_classification\train\Tomato_leaf\train_Tomato leaf_3.jpg,Tomato_leaf,plantdoc_classification
datasets\raw\plantdoc_classification\train\Tomato_leaf_yellow_virus\train_Tomato leaf yellow virus_24_5.jpg,Tomato_leaf_yellow_virus,plantdoc_classification
datasets\raw\plantdoc_classification\train\Tomato_leaf_yellow_virus\train_Tomato leaf yellow virus_3_8.jpg,Tomato_leaf_yellow_virus,plantdoc_classification
datasets\raw\plantdoc_classification\train\Cherry_leaf\train_Cherry leaf_22.jpg,Cherry_leaf,plantdoc_classification
datasets\raw\plantdoc_classification\train\Cherry_leaf\train_Cherry leaf_15.jpg,Cherry_leaf,plantdoc_classification
datasets\raw\plantdoc_classification\train\Tomato_Septoria_leaf_spot\train_Tomato Septoria leaf spot_34.jpg,Tomato_Septoria_leaf_spot,plantdoc_classification
datasets\raw\plantdoc_classification\train\Squash_Powdery_mildew_leaf\train_Squash Powdery mildew leaf_61.jpg,Squash_Powdery_mildew_leaf,plantdoc_classification
datasets\raw\plantdoc_classification\train\Tomato_leaf_late_blight\train_Tomato leaf late blight_18.jpg,Tomato_leaf_late_blight,plantdoc_classification
datasets\raw\plantdoc_classification\train\Tomato_leaf_yellow_virus\train_Tomato leaf yellow virus_11_6.jpg,Tomato_leaf_yellow_virus,plantdoc_classification
datasets\raw\plantdoc_classification\train\Tomato_leaf_bacterial_spot\train_Tomato leaf bacterial spot_26.jpg,Tomato_leaf_bacterial_spot,plantdoc_classification
datasets\raw\plantdoc_classification\train\Tomato_leaf_late_blight\train_Tomato leaf late blight_49.jpg,Tomato_leaf_late_blight,plantdoc_classification
datasets\raw\plantdoc_classification\train\Tomato_leaf_yellow_virus\train_Tomato leaf yellow virus_8_18.jpg,Tomato_leaf_yellow_virus,plantdoc_classification
datasets\raw\plantdoc_classification\train\Tomato_Early_blight_leaf\train_Tomato Early blight leaf_76.jpg,Tomato_Early_blight_leaf,plantdoc_classification
datasets\raw\plantdoc_classification\train\Tomato_Septoria_leaf_spot\train_Tomato Septoria leaf spot_38.jpg,Tomato_Septoria_leaf_spot,plantdoc_classification
datasets\raw\plantdoc_classification\train\Tomato_leaf_late_blight\train_Tomato leaf late blight_96.jpg,Tomato_leaf_late_blight,plantdoc_classification
datasets\raw\plantdoc_classification\train\Corn_leaf_blight\train_Corn leaf blight_119.jpg,Corn_leaf_blight,plantdoc_classification
datasets\raw\plantdoc_classification\train\Tomato_leaf_yellow_virus\train_Tomato leaf yellow virus_4.jpg,Tomato_leaf_yellow_virus,plantdoc_classification
datasets\raw\plantdoc_classification\train\Peach_leaf\train_Peach leaf_44.jpg,Peach_leaf,plantdoc_classification
datasets\raw\plantdoc_classification\train\Apple_leaf\train_Apple leaf_65.jpg,Apple_leaf,plantdoc_classification
datasets\raw\plantdoc_classification\train\Apple_rust_leaf\train_Apple rust leaf_25.jpg,Apple_rust_leaf,plantdoc_classification
datasets\raw\plantdoc_classification\train\Strawberry_leaf\train_Strawberry leaf_9.jpg,Strawberry_leaf,plantdoc_classification
datasets\raw\plantdoc_classification\train\Tomato_Early_blight_leaf\train_Tomato Early blight leaf_17.jpg,Tomato_Early_blight_leaf,plantdoc_classification
datasets\raw\plantdoc_classification\train\Corn_leaf_blight\train_Corn leaf blight_49.jpg,Corn_leaf_blight,plantdoc_classification
datasets\raw\plantdoc_classification\train\grape_leaf_black_rot\train_grape leaf black rot_17_1.jpg,grape_leaf_black_rot,plantdoc_classification
datasets\raw\plantdoc_classification\train\Cherry_leaf\train_Cherry leaf_6.jpg,Cherry_leaf,plantdoc_classification
datasets\raw\plantdoc_classification\train\Raspberry_leaf\train_Raspberry leaf_19.jpg,Raspberry_leaf,plantdoc_classification
datasets\raw\plantdoc_classification\train\Apple_rust_leaf\train_Apple rust leaf_41.jpg,Apple_rust_leaf,plantdoc_classification
datasets\raw\plantdoc_classification\train\Tomato_leaf_yellow_virus\train_Tomato leaf yellow virus_8_1.jpg,Tomato_leaf_yellow_virus,plantdoc_classification
datasets\raw\plantdoc_classification\train\Potato_leaf_early_blight\train_Potato leaf early blight_86.jpg,Potato_leaf_early_blight,plantdoc_classification
datasets\raw\plantdoc_classification\train\Raspberry_leaf\train_Raspberry leaf_105.jpg,Raspberry_leaf,plantdoc_classification
datasets\raw\plantdoc_classification\train\Blueberry_leaf\train_Blueberry leaf_85.jpg,Blueberry_leaf,plantdoc_classification
datasets\raw\plantdoc_classification\train\Strawberry_leaf\train_Strawberry leaf_51.jpg,Strawberry_leaf,plantdoc_classification
datasets\raw\plantdoc_classification\train\Squash_Powdery_mildew_leaf\train_Squash Powdery mildew leaf_119.jpg,Squash_Powdery_mildew_leaf,plantdoc_classification
datasets\raw\plantdoc_classification\train\Potato_leaf_late_blight\train_Potato leaf late blight_12_3.jpg,Potato_leaf_late_blight,plantdoc_classification
datasets\raw\plantdoc_classification\train\Raspberry_leaf\train_Raspberry leaf_102.jpg,Raspberry_leaf,plantdoc_classification
datasets\raw\plantdoc_classification\train\Potato_leaf_early_blight\train_Potato leaf early blight_97.jpg,Potato_leaf_early_blight,plantdoc_classification
datasets\raw\plantdoc_classification\train\Tomato_leaf_yellow_virus\train_Tomato leaf yellow virus_12_4.jpg,Tomato_leaf_yellow_virus,plantdoc_classification
datasets\raw\plantdoc_classification\train\Potato_leaf_early_blight\train_Potato leaf early blight_98_5.jpg,Potato_leaf_early_blight,plantdoc_classification
datasets\raw\plantdoc_classification\train\Apple_leaf\train_Apple leaf_5.jpg,Apple_leaf,plantdoc_classification
datasets\raw\plantdoc_classification\train\Potato_leaf_early_blight\train_Potato leaf early blight_85_1.jpg,Potato_leaf_early_blight,plantdoc_classification
datasets\raw\plantdoc_classification\train\Tomato_Septoria_leaf_spot\train_Tomato Septoria leaf spot_6.jpg,Tomato_Septoria_leaf_spot,plantdoc_classification
datasets\raw\plantdoc_classification\train\Tomato_Septoria_leaf_spot\train_Tomato Septoria leaf spot_16.jpg,Tomato_Septoria_leaf_spot,plantdoc_classification
datasets\raw\plantdoc_classification\train\Corn_Gray_leaf_spot\train_Corn Gray leaf spot_55.jpg,Corn_Gray_leaf_spot,plantdoc_classification
datasets\raw\plantdoc_classification\train\Tomato_leaf_yellow_virus\train_Tomato leaf yellow virus_12_3.jpg,Tomato_leaf_yellow_virus,plantdoc_classification
datasets\raw\plantdoc_classification\train\Potato_leaf_late_blight\train_Potato leaf late blight_75.jpg,Potato_leaf_late_blight,plantdoc_classification
datasets\raw\plantdoc_classification\train\Tomato_leaf_mosaic_virus\train_Tomato leaf mosaic virus_28.jpg,Tomato_leaf_mosaic_virus,plantdoc_classification
datasets\raw\plantdoc_classification\train\Apple_rust_leaf\train_Apple rust leaf_44.jpg,Apple_rust_leaf,plantdoc_classification
datasets\raw\plantdoc_classification\train\Potato_leaf_late_blight\train_Potato leaf late blight_80_3.jpg,Potato_leaf_late_blight,plantdoc_classification
datasets\raw\plantdoc_classification\train\Apple_Scab_Leaf\train_Apple Scab Leaf_83.jpg,Apple_Scab_Leaf,plantdoc_classification
datasets\raw\plantdoc_classification\train\Corn_Gray_leaf_spot\train_Corn Gray leaf spot_16.jpg,Corn_Gray_leaf_spot,plantdoc_classification
datasets\raw\plantdoc_classification\train\Corn_rust_leaf\train_Corn rust leaf_103.jpg,Corn_rust_leaf,plantdoc_classification
datasets\raw\plantdoc_classification\train\grape_leaf_black_rot\train_grape leaf black rot_1.jpg,grape_leaf_black_rot,plantdoc_classification
datasets\raw\plantdoc_classification\train\Tomato_leaf_late_blight\train_Tomato leaf late blight_3.jpg,Tomato_leaf_late_blight,plantdoc_classification
datasets\raw\plantdoc_classification\train\Tomato_leaf\train_Tomato leaf_13.jpg,Tomato_leaf,plantdoc_classification
datasets\raw\plantdoc_classification\train\Tomato_Septoria_leaf_spot\train_Tomato Septoria leaf spot_137.jpg,Tomato_Septoria_leaf_spot,plantdoc_classification
datasets\raw\plantdoc_classification\train\Corn_rust_leaf\train_Corn rust leaf_17.jpg,Corn_rust_leaf,plantdoc_classification
datasets\raw\plantdoc_classification\train\Raspberry_leaf\train_Raspberry leaf_73.jpg,Raspberry_leaf,plantdoc_classification
datasets\raw\plantdoc_classification\train\Bell_pepper_leaf_spot\train_Bell_pepper leaf spot_17_2.jpg,Bell_pepper_leaf_spot,plantdoc_classification
datasets\raw\plantdoc_classification\train\Corn_leaf_blight\train_Corn leaf blight_101.jpg,Corn_leaf_blight,plantdoc_classification
datasets\raw\plantdoc_classification\train\Squash_Powdery_mildew_leaf\train_Squash Powdery mildew leaf_55.jpg,Squash_Powdery_mildew_leaf,plantdoc_classification
datasets\raw\plantdoc_classification\train\Strawberry_leaf\train_Strawberry leaf_10.jpg,Strawberry_leaf,plantdoc_classification
datasets\raw\plantdoc_classification\train\Potato_leaf_late_blight\train_Potato leaf late blight_35_6.jpg,Potato_leaf_late_blight,plantdoc_classification
datasets\raw\plantdoc_classification\train\Tomato_leaf\train_Tomato leaf_5.jpg,Tomato_leaf,plantdoc_classification
datasets\raw\plantdoc_classification\train\Corn_rust_leaf\train_Corn rust leaf_73.jpg,Corn_rust_leaf,plantdoc_classification
datasets\raw\plantdoc_classification\train\Corn_leaf_blight\train_Corn leaf blight_153.jpg,Corn_leaf_blight,plantdoc_classification
datasets\raw\plantdoc_classification\train\Blueberry_leaf\train_Blueberry leaf_5.jpg,Blueberry_leaf,plantdoc_classification
datasets\raw\plantdoc_classification\train\Tomato_Early_blight_leaf\train_Tomato Early blight leaf_64.jpg,Tomato_Early_blight_leaf,plantdoc_classification
datasets\raw\plantdoc_classification\train\Tomato_Septoria_leaf_spot\train_Tomato Septoria leaf spot_132.jpg,Tomato_Septoria_leaf_spot,plantdoc_classification
datasets\raw\plantdoc_classification\train\Corn_rust_leaf\train_Corn rust leaf_78.jpg,Corn_rust_leaf,plantdoc_classification
datasets\raw\plantdoc_classification\train\Tomato_Early_blight_leaf\train_Tomato Early blight leaf_29.jpg,Tomato_Early_blight_leaf,plantdoc_classification
datasets\raw\plantdoc_classification\train\Apple_Scab_Leaf\train_Apple Scab Leaf_49.jpg,Apple_Scab_Leaf,plantdoc_classification
datasets\raw\plantdoc_classification\train\Apple_rust_leaf\train_Apple rust leaf_18.jpg,Apple_rust_leaf,plantdoc_classification
datasets\raw\plantdoc_classification\train\grape_leaf\train_grape leaf_16.jpg,grape_leaf,plantdoc_classification
datasets\raw\plantdoc_classification\train\Peach_leaf\train_Peach leaf_61.jpg,Peach_leaf,plantdoc_classification
datasets\raw\plantdoc_classification\train\Tomato_leaf_yellow_virus\train_Tomato leaf yellow virus_66_4.jpg,Tomato_leaf_yellow_virus,plantdoc_classification
datasets\raw\plantdoc_classification\train\Tomato_Septoria_leaf_spot\train_Tomato Septoria leaf spot_3.jpg,Tomato_Septoria_leaf_spot,plantdoc_classification
datasets\raw\plantdoc_classification\train\Corn_rust_leaf\train_Corn rust leaf_30.jpg,Corn_rust_leaf,plantdoc_classification
datasets\raw\plantdoc_classification\train\Apple_Scab_Leaf\train_Apple Scab Leaf_46.jpg,Apple_Scab_Leaf,plantdoc_classification
datasets\raw\plantdoc_classification\train\Corn_Gray_leaf_spot\train_Corn Gray leaf spot_63.jpg,Corn_Gray_leaf_spot,plantdoc_classification
datasets\raw\plantdoc_classification\train\Tomato_leaf_yellow_virus\train_Tomato leaf yellow virus_13_2.jpg,Tomato_leaf_yellow_virus,plantdoc_classification
datasets\raw\plantdoc_classification\train\Potato_leaf_late_blight\train_Potato leaf late blight_42_3.jpg,Potato_leaf_late_blight,plantdoc_classification
datasets\raw\plantdoc_classification\train\Tomato_leaf_late_blight\train_Tomato leaf late blight_82.jpg,Tomato_leaf_late_blight,plantdoc_classification
datasets\raw\plantdoc_classification\train\Potato_leaf_late_blight\train_Potato leaf late blight_35_3.jpg,Potato_leaf_late_blight,plantdoc_classification
datasets\raw\plantdoc_classification\train\Tomato_leaf_bacterial_spot\train_Tomato leaf bacterial spot_41.jpg,Tomato_leaf_bacterial_spot,plantdoc_classification
datasets\raw\plantdoc_classification\train\Apple_leaf\train_Apple leaf_54.jpg,Apple_leaf,plantdoc_classification
datasets\raw\plantdoc_classification\train\Tomato_leaf_yellow_virus\train_Tomato leaf yellow virus_66_5.jpg,Tomato_leaf_yellow_virus,plantdoc_classification
datasets\raw\plantdoc_classification\train\Potato_leaf_late_blight\train_Potato leaf late blight_70.jpg,Potato_leaf_late_blight,plantdoc_classification
datasets\raw\plantdoc_classification\train\Tomato_mold_leaf\train_Tomato mold leaf_43.jpg,Tomato_mold_leaf,plantdoc_classification
datasets\raw\plantdoc_classification\train\Tomato_leaf_yellow_virus\train_Tomato leaf yellow virus_69_5.jpg,Tomato_leaf_yellow_virus,plantdoc_classification
datasets\raw\plantdoc_classification\train\Tomato_leaf_yellow_virus\train_Tomato leaf yellow virus_60.jpg,Tomato_leaf_yellow_virus,plantdoc_classification
datasets\raw\plantdoc_classification\train\Corn_rust_leaf\train_Corn rust leaf_13.jpg,Corn_rust_leaf,plantdoc_classification
datasets\raw\plantdoc_classification\train\Tomato_leaf_yellow_virus\train_Tomato leaf yellow virus_8_34.jpg,Tomato_leaf_yellow_virus,plantdoc_classification
datasets\raw\plantdoc_classification\train\Tomato_leaf_late_blight\train_Tomato leaf late blight_61.jpg,Tomato_leaf_late_blight,plantdoc_classification
datasets\raw\plantdoc_classification\train\Squash_Powdery_mildew_leaf\train_Squash Powdery mildew leaf_39.jpg,Squash_Powdery_mildew_leaf,plantdoc_classification
datasets\raw\plantdoc_classification\train\Tomato_leaf_late_blight\train_Tomato leaf late blight_64.jpg,Tomato_leaf_late_blight,plantdoc_classification
datasets\raw\plantdoc_classification\train\Potato_leaf_late_blight\train_Potato leaf late blight_42_7.jpg,Potato_leaf_late_blight,plantdoc_classification
datasets\raw\plantdoc_classification\train\Apple_Scab_Leaf\train_Apple Scab Leaf_34.jpg,Apple_Scab_Leaf,plantdoc_classification
datasets\raw\plantdoc_classification\train\Tomato_leaf_mosaic_virus\train_Tomato leaf mosaic virus_40.jpg,Tomato_leaf_mosaic_virus,plantdoc_classification
datasets\raw\plantdoc_classification\train\Soyabean_leaf\train_Soyabean leaf_53.jpg,Soyabean_leaf,plantdoc_classification
datasets\raw\plantdoc_classification\train\grape_leaf_black_rot\train_grape leaf black rot_52_3.jpg,grape_leaf_black_rot,plantdoc_classification
datasets\raw\plantdoc_classification\train\Corn_leaf_blight\train_Corn leaf blight_135.jpg,Corn_leaf_blight,plantdoc_classification
datasets\raw\plantdoc_classification\train\Potato_leaf_late_blight\train_Potato leaf late blight_78_2.jpg,Potato_leaf_late_blight,plantdoc_classification
datasets\raw\plantdoc_classification\train\Tomato_Septoria_leaf_spot\train_Tomato Septoria leaf spot_86.jpg,Tomato_Septoria_leaf_spot,plantdoc_classification
datasets\raw\plantdoc_classification\train\Apple_leaf\train_Apple leaf_9.jpg,Apple_leaf,plantdoc_classification
datasets\raw\plantdoc_classification\train\Tomato_leaf_yellow_virus\train_Tomato leaf yellow virus_68_4.jpg,Tomato_leaf_yellow_virus,plantdoc_classification
datasets\raw\plantdoc_classification\train\Blueberry_leaf\train_Blueberry leaf_15.jpg,Blueberry_leaf,plantdoc_classification
datasets\raw\plantdoc_classification\train\Potato_leaf_early_blight\train_Potato leaf early blight_51.jpg,Potato_leaf_early_blight,plantdoc_classification
datasets\raw\plantdoc_classification\train\Corn_leaf_blight\train_Corn leaf blight_162.jpg,Corn_leaf_blight,plantdoc_classification
datasets\raw\plantdoc_classification\train\Peach_leaf\train_Peach leaf_72.jpg,Peach_leaf,plantdoc_classification
datasets\raw\plantdoc_classification\train\Tomato_leaf_yellow_virus\train_Tomato leaf yellow virus_36.jpg,Tomato_leaf_yellow_virus,plantdoc_classification
datasets\raw\plantdoc_classification\train\Tomato_Septoria_leaf_spot\train_Tomato Septoria leaf spot_7.jpg,Tomato_Septoria_leaf_spot,plantdoc_classification
datasets\raw\plantdoc_classification\train\Tomato_leaf_yellow_virus\train_Tomato leaf yellow virus_3_4.jpg,Tomato_leaf_yellow_virus,plantdoc_classification
datasets\raw\plantdoc_classification\train\Tomato_leaf_bacterial_spot\train_Tomato leaf bacterial spot_37.jpg,Tomato_leaf_bacterial_spot,plantdoc_classification
datasets\raw\plantdoc_classification\train\Strawberry_leaf\train_Strawberry leaf_60.jpg,Strawberry_leaf,plantdoc_classification
datasets\raw\plantdoc_classification\train\Corn_leaf_blight\train_Corn leaf blight_65.jpg,Corn_leaf_blight,plantdoc_classification
datasets\raw\plantdoc_classification\train\Peach_leaf\train_Peach leaf_102.jpg,Peach_leaf,plantdoc_classification
datasets\raw\plantdoc_classification\train\Potato_leaf_late_blight\train_Potato leaf late blight_10_4.jpg,Potato_leaf_late_blight,plantdoc_classification
datasets\raw\plantdoc_classification\train\Bell_pepper_leaf\train_Bell_pepper leaf_9_6.jpg,Bell_pepper_leaf,plantdoc_classification
datasets\raw\plantdoc_classification\train\Tomato_leaf_yellow_virus\train_Tomato leaf yellow virus_59_1.jpg,Tomato_leaf_yellow_virus,plantdoc_classification
datasets\raw\plantdoc_classification\train\Tomato_leaf_yellow_virus\train_Tomato leaf yellow virus_69_4.jpg,Tomato_leaf_yellow_virus,plantdoc_classification
datasets\raw\plantdoc_classification\train\Tomato_leaf_yellow_virus\train_Tomato leaf yellow virus_12_7.jpg,Tomato_leaf_yellow_virus,plantdoc_classification
datasets\raw\plantdoc_classification\train\Blueberry_leaf\train_Blueberry leaf_3.jpg,Blueberry_leaf,plantdoc_classification
datasets\raw\plantdoc_classification\train\Tomato_Early_blight_leaf\train_Tomato Early blight leaf_12.jpg,Tomato_Early_blight_leaf,plantdoc_classification
datasets\raw\plantdoc_classification\train\Corn_rust_leaf\train_Corn rust leaf_49.jpg,Corn_rust_leaf,plantdoc_classification
datasets\raw\plantdoc_classification\train\Tomato_leaf\train_Tomato leaf_37_3.jpg,Tomato_leaf,plantdoc_classification
datasets\raw\plantdoc_classification\train\Potato_leaf_late_blight\train_Potato leaf late blight_34.jpg,Potato_leaf_late_blight,plantdoc_classification
datasets\raw\plantdoc_classification\train\Squash_Powdery_mildew_leaf\train_Squash Powdery mildew leaf_87.jpg,Squash_Powdery_mildew_leaf,plantdoc_classification
datasets\raw\plantdoc_classification\train\Tomato_leaf_mosaic_virus\train_Tomato leaf mosaic virus_3.jpg,Tomato_leaf_mosaic_virus,plantdoc_classification
datasets\raw\plantdoc_classification\train\grape_leaf\train_grape leaf_11_2.jpg,grape_leaf,plantdoc_classification
datasets\raw\plantdoc_classification\train\Tomato_Septoria_leaf_spot\train_Tomato Septoria leaf spot_93.jpg,Tomato_Septoria_leaf_spot,plantdoc_classification
datasets\raw\plantdoc_classification\train\Potato_leaf_late_blight\train_Potato leaf late blight_47.jpg,Potato_leaf_late_blight,plantdoc_classification
datasets\raw\plantdoc_classification\train\Raspberry_leaf\train_Raspberry leaf_51.jpg,Raspberry_leaf,plantdoc_classification
datasets\raw\plantdoc_classification\train\Corn_leaf_blight\train_Corn leaf blight_63.jpg,Corn_leaf_blight,plantdoc_classification
datasets\raw\plantdoc_classification\train\Tomato_Septoria_leaf_spot\train_Tomato Septoria leaf spot_96.jpg,Tomato_Septoria_leaf_spot,plantdoc_classification
datasets\raw\plantdoc_classification\train\Corn_leaf_blight\train_Corn leaf blight_116.jpg,Corn_leaf_blight,plantdoc_classification
datasets\raw\plantdoc_classification\train\Potato_leaf_late_blight\train_Potato leaf late blight_21_1.jpg,Potato_leaf_late_blight,plantdoc_classification
datasets\raw\plantdoc_classification\train\Squash_Powdery_mildew_leaf\train_Squash Powdery mildew leaf_93.jpg,Squash_Powdery_mildew_leaf,plantdoc_classification
datasets\raw\plantdoc_classification\train\Squash_Powdery_mildew_leaf\train_Squash Powdery mildew leaf_45.jpg,Squash_Powdery_mildew_leaf,plantdoc_classification
datasets\raw\plantdoc_classification\train\Tomato_leaf_yellow_virus\train_Tomato leaf yellow virus_69_2.jpg,Tomato_leaf_yellow_virus,plantdoc_classification
datasets\raw\plantdoc_classification\train\Tomato_Early_blight_leaf\train_Tomato Early blight leaf_63.jpg,Tomato_Early_blight_leaf,plantdoc_classification
datasets\raw\plantdoc_classification\train\Potato_leaf_late_blight\train_Potato leaf late blight_49_3.jpg,Potato_leaf_late_blight,plantdoc_classification
datasets\raw\plantdoc_classification\train\Soyabean_leaf\train_Soyabean leaf_57.jpg,Soyabean_leaf,plantdoc_classification
datasets\raw\plantdoc_classification\train\Potato_leaf_late_blight\train_Potato leaf late blight_88.jpg,Potato_leaf_late_blight,plantdoc_classification
datasets\raw\plantdoc_classification\train\Strawberry_leaf\train_Strawberry leaf_83.jpg,Strawberry_leaf,plantdoc_classification
datasets\raw\plantdoc_classification\train\Tomato_Septoria_leaf_spot\train_Tomato Septoria leaf spot_25.jpg,Tomato_Septoria_leaf_spot,plantdoc_classification
datasets\raw\plantdoc_classification\train\Tomato_leaf\train_Tomato leaf_36.jpg,Tomato_leaf,plantdoc_classification
datasets\raw\plantdoc_classification\train\grape_leaf_black_rot\train_grape leaf black rot_41.jpg,grape_leaf_black_rot,plantdoc_classification
datasets\raw\plantdoc_classification\train\Corn_leaf_blight\train_Corn leaf blight_47.jpg,Corn_leaf_blight,plantdoc_classification
datasets\raw\plantdoc_classification\train\Tomato_leaf_bacterial_spot\train_Tomato leaf bacterial spot_55.jpg,Tomato_leaf_bacterial_spot,plantdoc_classification
datasets\raw\plantdoc_classification\train\Peach_leaf\train_Peach leaf_95.jpg,Peach_leaf,plantdoc_classification
datasets\raw\plantdoc_classification\train\grape_leaf_black_rot\train_grape leaf black rot_19.jpg,grape_leaf_black_rot,plantdoc_classification
datasets\raw\plantdoc_classification\train\Potato_leaf_late_blight\train_Potato leaf late blight_55_4.jpg,Potato_leaf_late_blight,plantdoc_classification
datasets\raw\plantdoc_classification\train\Raspberry_leaf\train_Raspberry leaf_80.jpg,Raspberry_leaf,plantdoc_classification
datasets\raw\plantdoc_classification\train\Tomato_leaf_mosaic_virus\train_Tomato leaf mosaic virus_31.jpg,Tomato_leaf_mosaic_virus,plantdoc_classification
datasets\raw\plantdoc_classification\train\Tomato_mold_leaf\train_Tomato mold leaf_74.jpg,Tomato_mold_leaf,plantdoc_classification
datasets\raw\plantdoc_classification\train\Squash_Powdery_mildew_leaf\train_Squash Powdery mildew leaf_69.jpg,Squash_Powdery_mildew_leaf,plantdoc_classification
datasets\raw\plantdoc_classification\train\grape_leaf\train_grape leaf_9.jpg,grape_leaf,plantdoc_classification
datasets\raw\plantdoc_classification\train\Potato_leaf_late_blight\train_Potato leaf late blight_10_8.jpg,Potato_leaf_late_blight,plantdoc_classification
datasets\raw\plantdoc_classification\train\Cherry_leaf\train_Cherry leaf_41.jpg,Cherry_leaf,plantdoc_classification
datasets\raw\plantdoc_classification\train\Corn_leaf_blight\train_Corn leaf blight_94.jpg,Corn_leaf_blight,plantdoc_classification
datasets\raw\plantdoc_classification\train\Potato_leaf_early_blight\train_Potato leaf early blight_78_54.jpg,Potato_leaf_early_blight,plantdoc_classification
datasets\raw\plantdoc_classification\train\Tomato_Septoria_leaf_spot\train_Tomato Septoria leaf spot_15.jpg,Tomato_Septoria_leaf_spot,plantdoc_classification
datasets\raw\plantdoc_classification\train\Potato_leaf_late_blight\train_Potato leaf late blight_14.jpg,Potato_leaf_late_blight,plantdoc_classification
datasets\raw\plantdoc_classification\train\Corn_Gray_leaf_spot\train_Corn Gray leaf spot_47_1.jpg,Corn_Gray_leaf_spot,plantdoc_classification
datasets\raw\plantdoc_classification\train\Corn_rust_leaf\train_Corn rust leaf_101.jpg,Corn_rust_leaf,plantdoc_classification
datasets\raw\plantdoc_classification\train\Tomato_leaf_mosaic_virus\train_Tomato leaf mosaic virus_22.jpg,Tomato_leaf_mosaic_virus,plantdoc_classification
datasets\raw\plantdoc_classification\train\Raspberry_leaf\train_Raspberry leaf_22.jpg,Raspberry_leaf,plantdoc_classification
datasets\raw\plantdoc_classification\train\Potato_leaf_late_blight\train_Potato leaf late blight_10_7.jpg,Potato_leaf_late_blight,plantdoc_classification
datasets\raw\plantdoc_classification\train\Apple_rust_leaf\train_Apple rust leaf_58_2.jpg,Apple_rust_leaf,plantdoc_classification
datasets\raw\plantdoc_classification\train\Corn_rust_leaf\train_Corn rust leaf_56.jpg,Corn_rust_leaf,plantdoc_classification
datasets\raw\plantdoc_classification\train\Corn_leaf_blight\train_Corn leaf blight_127.jpg,Corn_leaf_blight,plantdoc_classification
datasets\raw\plantdoc_classification\train\Tomato_leaf_bacterial_spot\train_Tomato leaf bacterial spot_35.jpg,Tomato_leaf_bacterial_spot,plantdoc_classification
datasets\raw\plantdoc_classification\train\Corn_leaf_blight\train_Corn leaf blight_105.jpg,Corn_leaf_blight,plantdoc_classification
datasets\raw\plantdoc_classification\train\Bell_pepper_leaf_spot\train_Bell_pepper leaf spot_19.jpg,Bell_pepper_leaf_spot,plantdoc_classification
datasets\raw\plantdoc_classification\train\Tomato_Early_blight_leaf\train_Tomato Early blight leaf_9.jpg,Tomato_Early_blight_leaf,plantdoc_classification
datasets\raw\plantdoc_classification\train\Apple_Scab_Leaf\train_Apple Scab Leaf_22.jpg,Apple_Scab_Leaf,plantdoc_classification
datasets\raw\plantdoc_classification\train\Blueberry_leaf\train_Blueberry leaf_2.jpg,Blueberry_leaf,plantdoc_classification
datasets\raw\plantdoc_classification\train\Apple_leaf\train_Apple leaf_40.jpg,Apple_leaf,plantdoc_classification
datasets\raw\plantdoc_classification\train\Bell_pepper_leaf_spot\train_Bell_pepper leaf spot_8.jpg,Bell_pepper_leaf_spot,plantdoc_classification
datasets\raw\plantdoc_classification\train\Apple_rust_leaf\train_Apple rust leaf_23.jpg,Apple_rust_leaf,plantdoc_classification
datasets\raw\plantdoc_classification\train\Bell_pepper_leaf_spot\train_Bell_pepper leaf spot_17_3.jpg,Bell_pepper_leaf_spot,plantdoc_classification
datasets\raw\plantdoc_classification\train\Peach_leaf\train_Peach leaf_70.jpg,Peach_leaf,plantdoc_classification
datasets\raw\plantdoc_classification\train\Raspberry_leaf\train_Raspberry leaf_23.jpg,Raspberry_leaf,plantdoc_classification
datasets\raw\plantdoc_classification\train\Squash_Powdery_mildew_leaf\train_Squash Powdery mildew leaf_104.jpg,Squash_Powdery_mildew_leaf,plantdoc_classification
datasets\raw\plantdoc_classification\train\Corn_leaf_blight\train_Corn leaf blight_64.jpg,Corn_leaf_blight,plantdoc_classification
datasets\raw\plantdoc_classification\train\grape_leaf_black_rot\train_grape leaf black rot_35.jpg,grape_leaf_black_rot,plantdoc_classification
datasets\raw\plantdoc_classification\train\Potato_leaf_early_blight\train_Potato leaf early blight_41_6.jpg,Potato_leaf_early_blight,plantdoc_classification
datasets\raw\plantdoc_classification\train\Tomato_leaf\train_Tomato leaf_10.jpg,Tomato_leaf,plantdoc_classification
datasets\raw\plantdoc_classification\train\Tomato_leaf_yellow_virus\train_Tomato leaf yellow virus_66_7.jpg,Tomato_leaf_yellow_virus,plantdoc_classification
datasets\raw\plantdoc_classification\train\Corn_Gray_leaf_spot\train_Corn Gray leaf spot_24.jpg,Corn_Gray_leaf_spot,plantdoc_classification
datasets\raw\plantdoc_classification\train\Corn_leaf_blight\train_Corn leaf blight_148.jpg,Corn_leaf_blight,plantdoc_classification
datasets\raw\plantdoc_classification\train\Potato_leaf_late_blight\train_Potato leaf late blight_39_5.jpg,Potato_leaf_late_blight,plantdoc_classification
datasets\raw\plantdoc_classification\train\Apple_Scab_Leaf\train_Apple Scab Leaf_36.jpg,Apple_Scab_Leaf,plantdoc_classification
datasets\raw\plantdoc_classification\train\Tomato_Early_blight_leaf\train_Tomato Early blight leaf_49.jpg,Tomato_Early_blight_leaf,plantdoc_classification
datasets\raw\plantdoc_classification\train\Corn_rust_leaf\train_Corn rust leaf_3.jpg,Corn_rust_leaf,plantdoc_classification
datasets\raw\plantdoc_classification\train\Blueberry_leaf\train_Blueberry leaf_81.jpg,Blueberry_leaf,plantdoc_classification
datasets\raw\plantdoc_classification\train\Tomato_Early_blight_leaf\train_Tomato Early blight leaf_48.jpg,Tomato_Early_blight_leaf,plantdoc_classification
datasets\raw\plantdoc_classification\train\Tomato_leaf_bacterial_spot\train_Tomato leaf bacterial spot_40.jpg,Tomato_leaf_bacterial_spot,plantdoc_classification
datasets\raw\plantdoc_classification\train\Potato_leaf_late_blight\train_Potato leaf late blight_21_3.jpg,Potato_leaf_late_blight,plantdoc_classification
datasets\raw\plantdoc_classification\train\Squash_Powdery_mildew_leaf\train_Squash Powdery mildew leaf_115.jpg,Squash_Powdery_mildew_leaf,plantdoc_classification
datasets\raw\plantdoc_classification\train\Potato_leaf_late_blight\train_Potato leaf late blight_21_5.jpg,Potato_leaf_late_blight,plantdoc_classification
datasets\raw\plantdoc_classification\train\Corn_leaf_blight\train_Corn leaf blight_53.jpg,Corn_leaf_blight,plantdoc_classification
datasets\raw\plantdoc_classification\train\Apple_Scab_Leaf\train_Apple Scab Leaf_5.jpg,Apple_Scab_Leaf,plantdoc_classification
datasets\raw\plantdoc_classification\train\Squash_Powdery_mildew_leaf\train_Squash Powdery mildew leaf_84.jpg,Squash_Powdery_mildew_leaf,plantdoc_classification
datasets\raw\plantdoc_classification\train\Tomato_Early_blight_leaf\train_Tomato Early blight leaf_13.jpg,Tomato_Early_blight_leaf,plantdoc_classification
datasets\raw\plantdoc_classification\train\Apple_Scab_Leaf\train_Apple Scab Leaf_62.jpg,Apple_Scab_Leaf,plantdoc_classification
datasets\raw\plantdoc_classification\train\Soyabean_leaf\train_Soyabean leaf_15.jpg,Soyabean_leaf,plantdoc_classification
datasets\raw\plantdoc_classification\train\Tomato_leaf_mosaic_virus\train_Tomato leaf mosaic virus_6.jpg,Tomato_leaf_mosaic_virus,plantdoc_classification
datasets\raw\plantdoc_classification\train\Apple_rust_leaf\train_Apple rust leaf_42_2.jpg,Apple_rust_leaf,plantdoc_classification
datasets\raw\plantdoc_classification\train\Raspberry_leaf\train_Raspberry leaf_32.jpg,Raspberry_leaf,plantdoc_classification
datasets\raw\plantdoc_classification\train\Corn_leaf_blight\train_Corn leaf blight_179.jpg,Corn_leaf_blight,plantdoc_classification
datasets\raw\plantdoc_classification\train\Tomato_leaf_yellow_virus\train_Tomato leaf yellow virus_48_3.jpg,Tomato_leaf_yellow_virus,plantdoc_classification
datasets\raw\plantdoc_classification\train\Apple_Scab_Leaf\train_Apple Scab Leaf_8.jpg,Apple_Scab_Leaf,plantdoc_classification
datasets\raw\plantdoc_classification\train\Tomato_Septoria_leaf_spot\train_Tomato Septoria leaf spot_67.jpg,Tomato_Septoria_leaf_spot,plantdoc_classification
datasets\raw\plantdoc_classification\train\Corn_rust_leaf\train_Corn rust leaf_45.jpg,Corn_rust_leaf,plantdoc_classification
datasets\raw\plantdoc_classification\train\Tomato_leaf_bacterial_spot\train_Tomato leaf bacterial spot_15.jpg,Tomato_leaf_bacterial_spot,plantdoc_classification
datasets\raw\plantdoc_classification\train\Apple_rust_leaf\train_Apple rust leaf_76.jpg,Apple_rust_leaf,plantdoc_classification
datasets\raw\plantdoc_classification\train\Peach_leaf\train_Peach leaf_53.jpg,Peach_leaf,plantdoc_classification
datasets\raw\plantdoc_classification\train\Apple_leaf\train_Apple leaf_4.jpg,Apple_leaf,plantdoc_classification
datasets\raw\plantdoc_classification\train\Corn_leaf_blight\train_Corn leaf blight_100.jpg,Corn_leaf_blight,plantdoc_classification
datasets\raw\plantdoc_classification\train\Blueberry_leaf\train_Blueberry leaf_28.jpg,Blueberry_leaf,plantdoc_classification
datasets\raw\plantdoc_classification\train\Corn_leaf_blight\train_Corn leaf blight_154.jpg,Corn_leaf_blight,plantdoc_classification
datasets\raw\plantdoc_classification\train\grape_leaf\train_grape leaf_31_1.jpg,grape_leaf,plantdoc_classification
datasets\raw\plantdoc_classification\train\Tomato_mold_leaf\train_Tomato mold leaf_63.jpg,Tomato_mold_leaf,plantdoc_classification
datasets\raw\plantdoc_classification\train\Apple_rust_leaf\train_Apple rust leaf_47_5.jpg,Apple_rust_leaf,plantdoc_classification
datasets\raw\plantdoc_classification\train\Tomato_leaf_bacterial_spot\train_Tomato leaf bacterial spot_93.jpg,Tomato_leaf_bacterial_spot,plantdoc_classification
datasets\raw\plantdoc_classification\train\Tomato_leaf_yellow_virus\train_Tomato leaf yellow virus_3_2.jpg,Tomato_leaf_yellow_virus,plantdoc_classification
datasets\raw\plantdoc_classification\train\Apple_rust_leaf\train_Apple rust leaf_14.jpg,Apple_rust_leaf,plantdoc_classification
datasets\raw\plantdoc_classification\train\Tomato_Septoria_leaf_spot\train_Tomato Septoria leaf spot_10.jpg,Tomato_Septoria_leaf_spot,plantdoc_classification
datasets\raw\plantdoc_classification\train\Tomato_leaf_yellow_virus\train_Tomato leaf yellow virus_21_1.jpg,Tomato_leaf_yellow_virus,plantdoc_classification
datasets\raw\plantdoc_classification\train\Blueberry_leaf\train_Blueberry leaf_102.jpg,Blueberry_leaf,plantdoc_classification
datasets\raw\plantdoc_classification\train\Tomato_leaf_bacterial_spot\train_Tomato leaf bacterial spot_21.jpg,Tomato_leaf_bacterial_spot,plantdoc_classification
datasets\raw\plantdoc_classification\train\Potato_leaf_late_blight\train_Potato leaf late blight_49_1.jpg,Potato_leaf_late_blight,plantdoc_classification
datasets\raw\plantdoc_classification\train\Tomato_leaf_mosaic_virus\train_Tomato leaf mosaic virus_5.jpg,Tomato_leaf_mosaic_virus,plantdoc_classification
datasets\raw\plantdoc_classification\train\Soyabean_leaf\train_Soyabean leaf_45.jpg,Soyabean_leaf,plantdoc_classification
datasets\raw\plantdoc_classification\train\Squash_Powdery_mildew_leaf\train_Squash Powdery mildew leaf_111.jpg,Squash_Powdery_mildew_leaf,plantdoc_classification
datasets\raw\plantdoc_classification\train\Corn_leaf_blight\train_Corn leaf blight_72.jpg,Corn_leaf_blight,plantdoc_classification
datasets\raw\plantdoc_classification\train\Potato_leaf_late_blight\train_Potato leaf late blight_32.jpg,Potato_leaf_late_blight,plantdoc_classification
datasets\raw\plantdoc_classification\train\Tomato_leaf_yellow_virus\train_Tomato leaf yellow virus_66_1.jpg,Tomato_leaf_yellow_virus,plantdoc_classification
datasets\raw\plantdoc_classification\train\Corn_leaf_blight\train_Corn leaf blight_165.jpg,Corn_leaf_blight,plantdoc_classification
datasets\raw\plantdoc_classification\train\Tomato_leaf_yellow_virus\train_Tomato leaf yellow virus_48_2.jpg,Tomato_leaf_yellow_virus,plantdoc_classification
datasets\raw\plantdoc_classification\train\Bell_pepper_leaf_spot\train_Bell_pepper leaf spot_43_2.jpg,Bell_pepper_leaf_spot,plantdoc_classification
datasets\raw\plantdoc_classification\train\Potato_leaf_late_blight\train_Potato leaf late blight_12_2.jpg,Potato_leaf_late_blight,plantdoc_classification
datasets\raw\plantdoc_classification\train\Tomato_leaf_bacterial_spot\train_Tomato leaf bacterial spot_84.jpg,Tomato_leaf_bacterial_spot,plantdoc_classification
datasets\raw\plantdoc_classification\train\Strawberry_leaf\train_Strawberry leaf_48.jpg,Strawberry_leaf,plantdoc_classification
datasets\raw\plantdoc_classification\train\Raspberry_leaf\train_Raspberry leaf_7.jpg,Raspberry_leaf,plantdoc_classification
datasets\raw\plantdoc_classification\train\Corn_leaf_blight\train_Corn leaf blight_1.jpg,Corn_leaf_blight,plantdoc_classification
datasets\raw\plantdoc_classification\train\Blueberry_leaf\train_Blueberry leaf_1.jpg,Blueberry_leaf,plantdoc_classification
datasets\raw\plantdoc_classification\train\Bell_pepper_leaf_spot\train_Bell_pepper leaf spot_26.jpg,Bell_pepper_leaf_spot,plantdoc_classification
datasets\raw\plantdoc_classification\train\Strawberry_leaf\train_Strawberry leaf_13.jpg,Strawberry_leaf,plantdoc_classification
datasets\raw\plantdoc_classification\train\Potato_leaf_early_blight\train_Potato leaf early blight_84.jpg,Potato_leaf_early_blight,plantdoc_classification
datasets\raw\plantdoc_classification\train\Corn_leaf_blight\train_Corn Gray leaf spot_42_1.jpg,Corn_leaf_blight,plantdoc_classification
datasets\raw\plantdoc_classification\train\Soyabean_leaf\train_Soyabean leaf_42.jpg,Soyabean_leaf,plantdoc_classification
datasets\raw\plantdoc_classification\train\Apple_Scab_Leaf\train_Apple Scab Leaf_33.jpg,Apple_Scab_Leaf,plantdoc_classification
datasets\raw\plantdoc_classification\train\Raspberry_leaf\train_Raspberry leaf_25.jpg,Raspberry_leaf,plantdoc_classification
datasets\raw\plantdoc_classification\train\Potato_leaf_early_blight\train_Potato leaf early blight_80.jpg,Potato_leaf_early_blight,plantdoc_classification
datasets\raw\plantdoc_classification\train\Apple_rust_leaf\train_Apple rust leaf_56.jpg,Apple_rust_leaf,plantdoc_classification
datasets\raw\plantdoc_classification\train\Cherry_leaf\train_Cherry leaf_21.jpg,Cherry_leaf,plantdoc_classification
datasets\raw\plantdoc_classification\train\Tomato_leaf_late_blight\train_Tomato leaf late blight_12.jpg,Tomato_leaf_late_blight,plantdoc_classification
datasets\raw\plantdoc_classification\train\Apple_rust_leaf\train_Apple rust leaf_20.jpg,Apple_rust_leaf,plantdoc_classification
datasets\raw\plantdoc_classification\train\Tomato_mold_leaf\train_Tomato mold leaf_24.jpg,Tomato_mold_leaf,plantdoc_classification
datasets\raw\plantdoc_classification\train\Strawberry_leaf\train_Strawberry leaf_73.jpg,Strawberry_leaf,plantdoc_classification
datasets\raw\plantdoc_classification\train\Tomato_mold_leaf\train_Tomato mold leaf_39.jpg,Tomato_mold_leaf,plantdoc_classification
datasets\raw\plantdoc_classification\train\Corn_leaf_blight\train_Corn leaf blight_54.jpg,Corn_leaf_blight,plantdoc_classification
datasets\raw\plantdoc_classification\train\Corn_leaf_blight\train_Corn leaf blight_173.jpg,Corn_leaf_blight,plantdoc_classification
datasets\raw\plantdoc_classification\train\Bell_pepper_leaf_spot\train_Bell_pepper leaf spot_42_3.jpg,Bell_pepper_leaf_spot,plantdoc_classification
datasets\raw\plantdoc_classification\train\Corn_leaf_blight\train_Corn leaf blight_99.jpg,Corn_leaf_blight,plantdoc_classification
datasets\raw\plantdoc_classification\train\Tomato_leaf_yellow_virus\train_Tomato leaf yellow virus_5_1.jpg,Tomato_leaf_yellow_virus,plantdoc_classification
datasets\raw\plantdoc_classification\train\Potato_leaf_late_blight\train_Potato leaf late blight_20.jpg,Potato_leaf_late_blight,plantdoc_classification
datasets\raw\plantdoc_classification\train\Bell_pepper_leaf_spot\train_Bell_pepper leaf spot_43_1.jpg,Bell_pepper_leaf_spot,plantdoc_classification
datasets\raw\plantdoc_classification\train\Raspberry_leaf\train_Raspberry leaf_55.jpg,Raspberry_leaf,plantdoc_classification
datasets\raw\plantdoc_classification\train\Tomato_Septoria_leaf_spot\train_Tomato Septoria leaf spot_55.jpg,Tomato_Septoria_leaf_spot,plantdoc_classification
datasets\raw\plantdoc_classification\train\Bell_pepper_leaf_spot\train_Bell_pepper leaf spot_30_1.jpg,Bell_pepper_leaf_spot,plantdoc_classification
datasets\raw\plantdoc_classification\train\Potato_leaf_early_blight\train_Potato leaf early blight_83_4.jpg,Potato_leaf_early_blight,plantdoc_classification
datasets\raw\plantdoc_classification\train\Raspberry_leaf\train_Raspberry leaf_57.jpg,Raspberry_leaf,plantdoc_classification
datasets\raw\plantdoc_classification\train\Corn_Gray_leaf_spot\train_Corn Gray leaf spot_40.jpg,Corn_Gray_leaf_spot,plantdoc_classification
datasets\raw\plantdoc_classification\train\Peach_leaf\train_Peach leaf_8.jpg,Peach_leaf,plantdoc_classification
datasets\raw\plantdoc_classification\train\Corn_Gray_leaf_spot\train_Corn Gray leaf spot_19.jpg,Corn_Gray_leaf_spot,plantdoc_classification
datasets\raw\plantdoc_classification\train\Tomato_Septoria_leaf_spot\train_Tomato Septoria leaf spot_13.jpg,Tomato_Septoria_leaf_spot,plantdoc_classification
datasets\raw\plantdoc_classification\train\Cherry_leaf\train_Cherry leaf_20.jpg,Cherry_leaf,plantdoc_classification
datasets\raw\plantdoc_classification\train\Corn_Gray_leaf_spot\train_Corn Gray leaf spot_26.jpg,Corn_Gray_leaf_spot,plantdoc_classification
datasets\raw\plantdoc_classification\train\grape_leaf\train_grape leaf_55_1.jpg,grape_leaf,plantdoc_classification
datasets\raw\plantdoc_classification\train\Corn_leaf_blight\train_Corn leaf blight_86.jpg,Corn_leaf_blight,plantdoc_classification
datasets\raw\plantdoc_classification\train\Potato_leaf_late_blight\train_Potato leaf late blight_68.jpg,Potato_leaf_late_blight,plantdoc_classification
datasets\raw\plantdoc_classification\train\Soyabean_leaf\train_Soyabean leaf_31.jpg,Soyabean_leaf,plantdoc_classification
datasets\raw\plantdoc_classification\train\grape_leaf\train_grape leaf_38.jpg,grape_leaf,plantdoc_classification
datasets\raw\plantdoc_classification\train\Apple_rust_leaf\train_Apple rust leaf_39_2.jpg,Apple_rust_leaf,plantdoc_classification
datasets\raw\plantdoc_classification\train\Tomato_mold_leaf\train_Tomato mold leaf_4.jpg,Tomato_mold_leaf,plantdoc_classification
datasets\raw\plantdoc_classification\train\Potato_leaf_early_blight\train_Potato leaf early blight_41_2.jpg,Potato_leaf_early_blight,plantdoc_classification
datasets\raw\plantdoc_classification\train\Tomato_Septoria_leaf_spot\train_Tomato Septoria leaf spot_82.jpg,Tomato_Septoria_leaf_spot,plantdoc_classification
datasets\raw\plantdoc_classification\train\Apple_Scab_Leaf\train_Apple Scab Leaf_6.jpg,Apple_Scab_Leaf,plantdoc_classification
datasets\raw\plantdoc_classification\train\Tomato_two_spotted_spider_mites_leaf\train_Tomato two spotted spider mites leaf_2.jpg,Tomato_two_spotted_spider_mites_leaf,plantdoc_classification
datasets\raw\plantdoc_classification\train\Potato_leaf_early_blight\train_Potato leaf early blight_15.jpg,Potato_leaf_early_blight,plantdoc_classification
datasets\raw\plantdoc_classification\train\Tomato_leaf_mosaic_virus\train_Tomato leaf mosaic virus_7.jpg,Tomato_leaf_mosaic_virus,plantdoc_classification
datasets\raw\plantdoc_classification\train\Potato_leaf_late_blight\train_Potato leaf late blight_48_7.jpg,Potato_leaf_late_blight,plantdoc_classification
datasets\raw\plantdoc_classification\train\Potato_leaf_early_blight\train_Potato leaf early blight_77.jpg,Potato_leaf_early_blight,plantdoc_classification
datasets\raw\plantdoc_classification\train\Peach_leaf\train_Peach leaf_4.jpg,Peach_leaf,plantdoc_classification
datasets\raw\plantdoc_classification\train\Corn_leaf_blight\train_Corn leaf blight_128.jpg,Corn_leaf_blight,plantdoc_classification
datasets\raw\plantdoc_classification\train\Apple_rust_leaf\train_Apple rust leaf_13.jpg,Apple_rust_leaf,plantdoc_classification
datasets\raw\plantdoc_classification\train\Tomato_leaf_bacterial_spot\train_Tomato leaf bacterial spot_76.jpg,Tomato_leaf_bacterial_spot,plantdoc_classification
datasets\raw\plantdoc_classification\train\Tomato_leaf_yellow_virus\train_Tomato leaf yellow virus_40_1.jpg,Tomato_leaf_yellow_virus,plantdoc_classification
datasets\raw\plantdoc_classification\train\Strawberry_leaf\train_Strawberry leaf_81.jpg,Strawberry_leaf,plantdoc_classification
datasets\raw\plantdoc_classification\train\Corn_rust_leaf\train_Corn rust leaf_80.jpg,Corn_rust_leaf,plantdoc_classification
datasets\raw\plantdoc_classification\train\Potato_leaf_late_blight\train_Potato leaf late blight_48_2.jpg,Potato_leaf_late_blight,plantdoc_classification
datasets\raw\plantdoc_classification\train\Peach_leaf\train_Peach leaf_77.jpg,Peach_leaf,plantdoc_classification
datasets\raw\plantdoc_classification\train\Corn_rust_leaf\train_Corn rust leaf_64.jpg,Corn_rust_leaf,plantdoc_classification
datasets\raw\plantdoc_classification\train\Soyabean_leaf\train_Soyabean leaf_40.jpg,Soyabean_leaf,plantdoc_classification
datasets\raw\plantdoc_classification\train\Corn_rust_leaf\train_Corn rust leaf_8.jpg,Corn_rust_leaf,plantdoc_classification
datasets\raw\plantdoc_classification\train\Squash_Powdery_mildew_leaf\train_Squash Powdery mildew leaf_62.jpg,Squash_Powdery_mildew_leaf,plantdoc_classification
datasets\raw\plantdoc_classification\train\Tomato_leaf_yellow_virus\train_Tomato leaf yellow virus_28.jpg,Tomato_leaf_yellow_virus,plantdoc_classification
datasets\raw\plantdoc_classification\train\Apple_Scab_Leaf\train_Apple Scab Leaf_11.jpg,Apple_Scab_Leaf,plantdoc_classification
datasets\raw\plantdoc_classification\train\Apple_leaf\train_Apple leaf_6.jpg,Apple_leaf,plantdoc_classification
datasets\raw\plantdoc_classification\train\Apple_rust_leaf\train_Apple rust leaf_45.jpg,Apple_rust_leaf,plantdoc_classification
datasets\raw\plantdoc_classification\train\Potato_leaf_late_blight\train_Potato leaf late blight_2_3.jpg,Potato_leaf_late_blight,plantdoc_classification
datasets\raw\plantdoc_classification\train\Potato_leaf_late_blight\train_Potato leaf late blight_40_2.jpg,Potato_leaf_late_blight,plantdoc_classification
datasets\raw\plantdoc_classification\train\Tomato_leaf_bacterial_spot\train_Tomato leaf bacterial spot_61.jpg,Tomato_leaf_bacterial_spot,plantdoc_classification
datasets\raw\plantdoc_classification\train\Raspberry_leaf\train_Raspberry leaf_33.jpg,Raspberry_leaf,plantdoc_classification
datasets\raw\plantdoc_classification\train\Potato_leaf_late_blight\train_Potato leaf late blight_69_4.jpg,Potato_leaf_late_blight,plantdoc_classification
datasets\raw\plantdoc_classification\train\Apple_Scab_Leaf\train_Apple Scab Leaf_61.jpg,Apple_Scab_Leaf,plantdoc_classification
datasets\raw\plantdoc_classification\train\grape_leaf\train_grape leaf_2.jpg,grape_leaf,plantdoc_classification
datasets\raw\plantdoc_classification\train\Tomato_Early_blight_leaf\train_Tomato Early blight leaf_15.jpg,Tomato_Early_blight_leaf,plantdoc_classification
datasets\raw\plantdoc_classification\train\grape_leaf_black_rot\train_grape leaf black rot_51.jpg,grape_leaf_black_rot,plantdoc_classification
datasets\raw\plantdoc_classification\train\Tomato_leaf_yellow_virus\train_Tomato leaf yellow virus_23_1.jpg,Tomato_leaf_yellow_virus,plantdoc_classification
datasets\raw\plantdoc_classification\train\Squash_Powdery_mildew_leaf\train_Squash Powdery mildew leaf_32.jpg,Squash_Powdery_mildew_leaf,plantdoc_classification
datasets\raw\plantdoc_classification\train\Blueberry_leaf\train_Blueberry leaf_20.jpg,Blueberry_leaf,plantdoc_classification
datasets\raw\plantdoc_classification\train\Potato_leaf_late_blight\train_Potato leaf late blight_55_2.jpg,Potato_leaf_late_blight,plantdoc_classification
datasets\raw\plantdoc_classification\train\Tomato_leaf_bacterial_spot\train_Tomato leaf bacterial spot_62.jpg,Tomato_leaf_bacterial_spot,plantdoc_classification
datasets\raw\plantdoc_classification\train\Potato_leaf_late_blight\train_Potato leaf late blight_42_5.jpg,Potato_leaf_late_blight,plantdoc_classification
datasets\raw\plantdoc_classification\train\Blueberry_leaf\train_Blueberry leaf_29.jpg,Blueberry_leaf,plantdoc_classification
datasets\raw\plantdoc_classification\train\Corn_rust_leaf\train_Corn rust leaf_100.jpg,Corn_rust_leaf,plantdoc_classification
datasets\raw\plantdoc_classification\train\grape_leaf_black_rot\train_grape leaf black rot_29_1.jpg,grape_leaf_black_rot,plantdoc_classification
datasets\raw\plantdoc_classification\train\Blueberry_leaf\train_Blueberry leaf_42.jpg,Blueberry_leaf,plantdoc_classification
datasets\raw\plantdoc_classification\train\Tomato_leaf_bacterial_spot\train_Tomato leaf bacterial spot_6.jpg,Tomato_leaf_bacterial_spot,plantdoc_classification
datasets\raw\plantdoc_classification\train\Tomato_mold_leaf\train_Tomato mold leaf_50.jpg,Tomato_mold_leaf,plantdoc_classification
datasets\raw\plantdoc_classification\train\Potato_leaf_early_blight\train_Potato leaf early blight_18.jpg,Potato_leaf_early_blight,plantdoc_classification
datasets\raw\plantdoc_classification\train\Peach_leaf\train_Peach leaf_54.jpg,Peach_leaf,plantdoc_classification
datasets\raw\plantdoc_classification\train\grape_leaf_black_rot\train_grape leaf black rot_31.jpg,grape_leaf_black_rot,plantdoc_classification
datasets\raw\plantdoc_classification\train\Tomato_leaf_mosaic_virus\train_Tomato leaf mosaic virus_13.jpg,Tomato_leaf_mosaic_virus,plantdoc_classification
datasets\raw\plantdoc_classification\train\Potato_leaf_late_blight\train_Potato leaf late blight_95.jpg,Potato_leaf_late_blight,plantdoc_classification
datasets\raw\plantdoc_classification\train\Corn_leaf_blight\train_Corn leaf blight_146.jpg,Corn_leaf_blight,plantdoc_classification
datasets\raw\plantdoc_classification\train\Corn_rust_leaf\train_Corn rust leaf_98.jpg,Corn_rust_leaf,plantdoc_classification
datasets\raw\plantdoc_classification\train\grape_leaf_black_rot\train_grape leaf black rot_23.jpg,grape_leaf_black_rot,plantdoc_classification
datasets\raw\plantdoc_classification\train\Tomato_leaf_late_blight\train_Tomato leaf late blight_29.jpg,Tomato_leaf_late_blight,plantdoc_classification
datasets\raw\plantdoc_classification\train\Strawberry_leaf\train_Strawberry leaf_66.jpg,Strawberry_leaf,plantdoc_classification
datasets\raw\plantdoc_classification\train\Tomato_Septoria_leaf_spot\train_Tomato Septoria leaf spot_84.jpg,Tomato_Septoria_leaf_spot,plantdoc_classification
datasets\raw\plantdoc_classification\train\Tomato_leaf_yellow_virus\train_Tomato leaf yellow virus_46_3.jpg,Tomato_leaf_yellow_virus,plantdoc_classification
datasets\raw\plantdoc_classification\train\Potato_leaf_late_blight\train_Potato leaf late blight_55_3.jpg,Potato_leaf_late_blight,plantdoc_classification
datasets\raw\plantdoc_classification\train\Potato_leaf_late_blight\train_Potato leaf late blight_97_8.jpg,Potato_leaf_late_blight,plantdoc_classification
datasets\raw\plantdoc_classification\train\Tomato_leaf_yellow_virus\train_Tomato leaf yellow virus_69_6.jpg,Tomato_leaf_yellow_virus,plantdoc_classification
datasets\raw\plantdoc_classification\train\Potato_leaf_early_blight\train_Potato leaf early blight_108.jpg,Potato_leaf_early_blight,plantdoc_classification
datasets\raw\plantdoc_classification\train\Apple_leaf\train_Apple leaf_79.jpg,Apple_leaf,plantdoc_classification
datasets\raw\plantdoc_classification\train\Corn_leaf_blight\train_Corn leaf blight_145.jpg,Corn_leaf_blight,plantdoc_classification
datasets\raw\plantdoc_classification\train\Corn_Gray_leaf_spot\train_Corn Gray leaf spot_41.jpg,Corn_Gray_leaf_spot,plantdoc_classification
datasets\raw\plantdoc_classification\train\Peach_leaf\train_Peach leaf_68.jpg,Peach_leaf,plantdoc_classification
datasets\raw\plantdoc_classification\train\Potato_leaf_early_blight\train_Potato leaf early blight_93.jpg,Potato_leaf_early_blight,plantdoc_classification
datasets\raw\plantdoc_classification\train\Tomato_leaf_yellow_virus\train_Tomato leaf yellow virus_47.jpg,Tomato_leaf_yellow_virus,plantdoc_classification
datasets\raw\plantdoc_classification\train\Potato_leaf_early_blight\train_Potato leaf early blight_57.jpg,Potato_leaf_early_blight,plantdoc_classification
datasets\raw\plantdoc_classification\train\Blueberry_leaf\train_Blueberry leaf_26.jpg,Blueberry_leaf,plantdoc_classification
datasets\raw\plantdoc_classification\train\Peach_leaf\train_Peach leaf_58.jpg,Peach_leaf,plantdoc_classification
datasets\raw\plantdoc_classification\train\Squash_Powdery_mildew_leaf\train_Squash Powdery mildew leaf_43.jpg,Squash_Powdery_mildew_leaf,plantdoc_classification
datasets\raw\plantdoc_classification\train\Tomato_leaf_mosaic_virus\train_Tomato leaf mosaic virus_10.jpg,Tomato_leaf_mosaic_virus,plantdoc_classification
datasets\raw\plantdoc_classification\train\Bell_pepper_leaf_spot\train_Bell_pepper leaf spot_42_5.jpg,Bell_pepper_leaf_spot,plantdoc_classification
datasets\raw\plantdoc_classification\train\Apple_Scab_Leaf\train_Apple Scab Leaf_51.jpg,Apple_Scab_Leaf,plantdoc_classification
datasets\raw\plantdoc_classification\train\Tomato_leaf_bacterial_spot\train_Tomato leaf bacterial spot_80.jpg,Tomato_leaf_bacterial_spot,plantdoc_classification
datasets\raw\plantdoc_classification\train\Potato_leaf_late_blight\train_Potato leaf late blight_85_5.jpg,Potato_leaf_late_blight,plantdoc_classification
datasets\raw\plantdoc_classification\train\Tomato_Septoria_leaf_spot\train_Tomato Septoria leaf spot_37.jpg,Tomato_Septoria_leaf_spot,plantdoc_classification
datasets\raw\plantdoc_classification\train\Corn_rust_leaf\train_Corn rust leaf_53.jpg,Corn_rust_leaf,plantdoc_classification
datasets\raw\plantdoc_classification\train\Tomato_Septoria_leaf_spot\train_Tomato Septoria leaf spot_120.jpg,Tomato_Septoria_leaf_spot,plantdoc_classification
datasets\raw\plantdoc_classification\train\Cherry_leaf\train_Cherry leaf_42.jpg,Cherry_leaf,plantdoc_classification
datasets\raw\plantdoc_classification\train\Blueberry_leaf\train_Blueberry leaf_7.jpg,Blueberry_leaf,plantdoc_classification
datasets\raw\plantdoc_classification\train\Blueberry_leaf\train_Blueberry leaf_76.jpg,Blueberry_leaf,plantdoc_classification
datasets\raw\plantdoc_classification\train\Potato_leaf_early_blight\train_Potato leaf early blight_83_5.jpg,Potato_leaf_early_blight,plantdoc_classification
datasets\raw\plantdoc_classification\train\Potato_leaf_late_blight\train_Potato leaf late blight_55_6.jpg,Potato_leaf_late_blight,plantdoc_classification
datasets\raw\plantdoc_classification\train\Corn_rust_leaf\train_Corn rust leaf_63.jpg,Corn_rust_leaf,plantdoc_classification
datasets\raw\plantdoc_classification\train\Tomato_leaf_late_blight\train_Tomato leaf late blight_38.jpg,Tomato_leaf_late_blight,plantdoc_classification
datasets\raw\plantdoc_classification\train\Bell_pepper_leaf_spot\train_Bell_pepper leaf spot_49.jpg,Bell_pepper_leaf_spot,plantdoc_classification
datasets\raw\plantdoc_classification\train\Soyabean_leaf\train_Soyabean leaf_56.jpg,Soyabean_leaf,plantdoc_classification
datasets\raw\plantdoc_classification\train\Bell_pepper_leaf_spot\train_Bell_pepper leaf spot_31.jpg,Bell_pepper_leaf_spot,plantdoc_classification
datasets\raw\plantdoc_classification\train\Tomato_leaf_bacterial_spot\train_Tomato leaf bacterial spot_53.jpg,Tomato_leaf_bacterial_spot,plantdoc_classification
datasets\raw\plantdoc_classification\train\Potato_leaf_early_blight\train_Potato leaf early blight_37.jpg,Potato_leaf_early_blight,plantdoc_classification
datasets\raw\plantdoc_classification\train\Tomato_leaf_bacterial_spot\train_Tomato leaf bacterial spot_59.jpg,Tomato_leaf_bacterial_spot,plantdoc_classification
datasets\raw\plantdoc_classification\train\Raspberry_leaf\train_Raspberry leaf_67.jpg,Raspberry_leaf,plantdoc_classification
datasets\raw\plantdoc_classification\train\Tomato_mold_leaf\train_Tomato mold leaf_7.jpg,Tomato_mold_leaf,plantdoc_classification
datasets\raw\plantdoc_classification\train\Bell_pepper_leaf_spot\train_Bell_pepper leaf spot_12.jpg,Bell_pepper_leaf_spot,plantdoc_classification
datasets\raw\plantdoc_classification\train\Apple_Scab_Leaf\train_Apple Scab Leaf_77.jpg,Apple_Scab_Leaf,plantdoc_classification
datasets\raw\plantdoc_classification\train\Tomato_Septoria_leaf_spot\train_Tomato Septoria leaf spot_71.jpg,Tomato_Septoria_leaf_spot,plantdoc_classification
datasets\raw\plantdoc_classification\train\Potato_leaf_late_blight\train_Potato leaf late blight_85_1.jpg,Potato_leaf_late_blight,plantdoc_classification
datasets\raw\plantdoc_classification\train\Potato_leaf_early_blight\train_Potato leaf early blight_72.jpg,Potato_leaf_early_blight,plantdoc_classification
datasets\raw\plantdoc_classification\train\Potato_leaf_early_blight\train_Potato leaf early blight_46.jpg,Potato_leaf_early_blight,plantdoc_classification
datasets\raw\plantdoc_classification\train\Tomato_leaf_yellow_virus\train_Tomato leaf yellow virus_11_5.jpg,Tomato_leaf_yellow_virus,plantdoc_classification
datasets\raw\plantdoc_classification\train\Raspberry_leaf\train_Raspberry leaf_11.jpg,Raspberry_leaf,plantdoc_classification
datasets\raw\plantdoc_classification\train\Tomato_leaf_yellow_virus\train_Tomato leaf yellow virus_39_2.jpg,Tomato_leaf_yellow_virus,plantdoc_classification
datasets\raw\plantdoc_classification\train\Potato_leaf_early_blight\train_Potato leaf early blight_88_4.jpg,Potato_leaf_early_blight,plantdoc_classification
datasets\raw\plantdoc_classification\train\Blueberry_leaf\train_Blueberry leaf_104.jpg,Blueberry_leaf,plantdoc_classification
datasets\raw\plantdoc_classification\train\Corn_leaf_blight\train_Corn leaf blight_180.jpg,Corn_leaf_blight,plantdoc_classification
datasets\raw\plantdoc_classification\train\Tomato_leaf_mosaic_virus\train_Tomato leaf mosaic virus_15.jpg,Tomato_leaf_mosaic_virus,plantdoc_classification
datasets\raw\plantdoc_classification\train\Peach_leaf\train_Peach leaf_12.jpg,Peach_leaf,plantdoc_classification
datasets\raw\plantdoc_classification\train\Apple_rust_leaf\train_Apple rust leaf_64.jpg,Apple_rust_leaf,plantdoc_classification
datasets\raw\plantdoc_classification\train\Potato_leaf_late_blight\train_Potato leaf late blight_12_1.jpg,Potato_leaf_late_blight,plantdoc_classification
datasets\raw\plantdoc_classification\train\Squash_Powdery_mildew_leaf\train_Squash Powdery mildew leaf_124.jpg,Squash_Powdery_mildew_leaf,plantdoc_classification
datasets\raw\plantdoc_classification\train\Tomato_Septoria_leaf_spot\train_Tomato Septoria leaf spot_46.jpg,Tomato_Septoria_leaf_spot,plantdoc_classification
datasets\raw\plantdoc_classification\train\Raspberry_leaf\train_Raspberry leaf_5.jpg,Raspberry_leaf,plantdoc_classification
datasets\raw\plantdoc_classification\train\Squash_Powdery_mildew_leaf\train_Squash Powdery mildew leaf_98.jpg,Squash_Powdery_mildew_leaf,plantdoc_classification
datasets\raw\plantdoc_classification\train\Blueberry_leaf\train_Blueberry leaf_84.jpg,Blueberry_leaf,plantdoc_classification
datasets\raw\plantdoc_classification\train\Tomato_Septoria_leaf_spot\train_Tomato Septoria leaf spot_74.jpg,Tomato_Septoria_leaf_spot,plantdoc_classification
datasets\raw\plantdoc_classification\train\Potato_leaf_early_blight\train_Potato leaf early blight_3.jpg,Potato_leaf_early_blight,plantdoc_classification
datasets\raw\plantdoc_classification\train\Tomato_leaf_yellow_virus\train_Tomato leaf yellow virus_8_10.jpg,Tomato_leaf_yellow_virus,plantdoc_classification
datasets\raw\plantdoc_classification\train\Blueberry_leaf\train_Blueberry leaf_63.jpg,Blueberry_leaf,plantdoc_classification
datasets\raw\plantdoc_classification\train\Apple_Scab_Leaf\train_Apple Scab Leaf_9.jpg,Apple_Scab_Leaf,plantdoc_classification
datasets\raw\plantdoc_classification\train\Corn_rust_leaf\train_Corn rust leaf_68.jpg,Corn_rust_leaf,plantdoc_classification
datasets\raw\plantdoc_classification\train\Squash_Powdery_mildew_leaf\train_Squash Powdery mildew leaf_68.jpg,Squash_Powdery_mildew_leaf,plantdoc_classification
datasets\raw\plantdoc_classification\train\Tomato_Early_blight_leaf\train_Tomato Early blight leaf_39.jpg,Tomato_Early_blight_leaf,plantdoc_classification
datasets\raw\plantdoc_classification\train\Squash_Powdery_mildew_leaf\train_Squash Powdery mildew leaf_113.jpg,Squash_Powdery_mildew_leaf,plantdoc_classification
datasets\raw\plantdoc_classification\train\Tomato_leaf_yellow_virus\train_Tomato leaf yellow virus_39_1.jpg,Tomato_leaf_yellow_virus,plantdoc_classification
datasets\raw\plantdoc_classification\train\Potato_leaf_late_blight\train_Potato leaf late blight_54.jpg,Potato_leaf_late_blight,plantdoc_classification
datasets\raw\plantdoc_classification\train\Corn_rust_leaf\train_Corn rust leaf_2.jpg,Corn_rust_leaf,plantdoc_classification
datasets\raw\plantdoc_classification\train\Apple_leaf\train_Apple leaf_25.jpg,Apple_leaf,plantdoc_classification
datasets\raw\plantdoc_classification\train\Soyabean_leaf\train_Soyabean leaf_1.jpg,Soyabean_leaf,plantdoc_classification
datasets\raw\plantdoc_classification\train\Tomato_leaf_late_blight\train_Tomato leaf late blight_30.jpg,Tomato_leaf_late_blight,plantdoc_classification
datasets\raw\plantdoc_classification\train\Potato_leaf_late_blight\train_Potato leaf late blight_10_6.jpg,Potato_leaf_late_blight,plantdoc_classification
datasets\raw\plantdoc_classification\train\grape_leaf_black_rot\train_grape leaf black rot_6.jpg,grape_leaf_black_rot,plantdoc_classification
datasets\raw\plantdoc_classification\train\Potato_leaf_late_blight\train_Potato leaf late blight_83_3.jpg,Potato_leaf_late_blight,plantdoc_classification
datasets\raw\plantdoc_classification\train\Apple_rust_leaf\train_Apple rust leaf_30.jpg,Apple_rust_leaf,plantdoc_classification
datasets\raw\plantdoc_classification\train\Peach_leaf\train_Peach leaf_99.jpg,Peach_leaf,plantdoc_classification
datasets\raw\plantdoc_classification\train\Tomato_leaf_bacterial_spot\train_Tomato leaf bacterial spot_46.jpg,Tomato_leaf_bacterial_spot,plantdoc_classification
datasets\raw\plantdoc_classification\train\Apple_rust_leaf\train_Apple rust leaf_42_4.jpg,Apple_rust_leaf,plantdoc_classification
datasets\raw\plantdoc_classification\train\Potato_leaf_late_blight\train_Potato leaf late blight_42_10.jpg,Potato_leaf_late_blight,plantdoc_classification
datasets\raw\plantdoc_classification\train\Apple_Scab_Leaf\train_Apple Scab Leaf_26.jpg,Apple_Scab_Leaf,plantdoc_classification
datasets\raw\plantdoc_classification\train\Cherry_leaf\train_Cherry leaf_34.jpg,Cherry_leaf,plantdoc_classification
datasets\raw\plantdoc_classification\train\Blueberry_leaf\train_Blueberry leaf_52.jpg,Blueberry_leaf,plantdoc_classification
datasets\raw\plantdoc_classification\train\Tomato_Septoria_leaf_spot\train_Tomato Septoria leaf spot_134_5.jpg,Tomato_Septoria_leaf_spot,plantdoc_classification
datasets\raw\plantdoc_classification\train\Corn_Gray_leaf_spot\train_Corn Gray leaf spot_44.jpg,Corn_Gray_leaf_spot,plantdoc_classification
datasets\raw\plantdoc_classification\train\Tomato_mold_leaf\train_Tomato mold leaf_77.jpg,Tomato_mold_leaf,plantdoc_classification
datasets\raw\plantdoc_classification\train\Tomato_mold_leaf\train_Tomato mold leaf_18.jpg,Tomato_mold_leaf,plantdoc_classification
datasets\raw\plantdoc_classification\train\Corn_Gray_leaf_spot\train_Corn Gray leaf spot_45.jpg,Corn_Gray_leaf_spot,plantdoc_classification
datasets\raw\plantdoc_classification\train\Potato_leaf_early_blight\train_Potato leaf early blight_55.jpg,Potato_leaf_early_blight,plantdoc_classification
datasets\raw\plantdoc_classification\train\Soyabean_leaf\train_Soyabean leaf_50.jpg,Soyabean_leaf,plantdoc_classification
datasets\raw\plantdoc_classification\train\Tomato_leaf_late_blight\train_Tomato leaf late blight_35.jpg,Tomato_leaf_late_blight,plantdoc_classification
datasets\raw\plantdoc_classification\train\Tomato_Septoria_leaf_spot\train_Tomato Septoria leaf spot_134_1.jpg,Tomato_Septoria_leaf_spot,plantdoc_classification
datasets\raw\plantdoc_classification\train\Tomato_Septoria_leaf_spot\train_Tomato Septoria leaf spot_117.jpg,Tomato_Septoria_leaf_spot,plantdoc_classification
datasets\raw\plantdoc_classification\train\grape_leaf\train_grape leaf_41.jpg,grape_leaf,plantdoc_classification
datasets\raw\plantdoc_classification\train\Raspberry_leaf\train_Raspberry leaf_13.jpg,Raspberry_leaf,plantdoc_classification
datasets\raw\plantdoc_classification\train\Tomato_leaf_bacterial_spot\train_Tomato leaf bacterial spot_29.jpg,Tomato_leaf_bacterial_spot,plantdoc_classification
datasets\raw\plantdoc_classification\train\Corn_Gray_leaf_spot\train_Corn Gray leaf spot_56.jpg,Corn_Gray_leaf_spot,plantdoc_classification
datasets\raw\plantdoc_classification\train\Peach_leaf\train_Peach leaf_93.jpg,Peach_leaf,plantdoc_classification
datasets\raw\plantdoc_classification\train\Cherry_leaf\train_Cherry leaf_2.jpg,Cherry_leaf,plantdoc_classification
datasets\raw\plantdoc_classification\train\Tomato_mold_leaf\train_Tomato mold leaf_57.jpg,Tomato_mold_leaf,plantdoc_classification
datasets\raw\plantdoc_classification\train\Peach_leaf\train_Peach leaf_94.jpg,Peach_leaf,plantdoc_classification
datasets\raw\plantdoc_classification\train\Tomato_leaf_late_blight\train_Tomato leaf late blight_24.jpg,Tomato_leaf_late_blight,plantdoc_classification
datasets\raw\plantdoc_classification\train\Potato_leaf_late_blight\train_Potato leaf late blight_83_1.jpg,Potato_leaf_late_blight,plantdoc_classification
datasets\raw\plantdoc_classification\train\Corn_rust_leaf\train_Corn rust leaf_16.jpg,Corn_rust_leaf,plantdoc_classification
datasets\raw\plantdoc_classification\train\Bell_pepper_leaf_spot\train_Bell_pepper leaf spot_15.jpg,Bell_pepper_leaf_spot,plantdoc_classification
datasets\raw\plantdoc_classification\train\Blueberry_leaf\train_Blueberry leaf_60.jpg,Blueberry_leaf,plantdoc_classification
datasets\raw\plantdoc_classification\train\Tomato_leaf_mosaic_virus\train_Tomato leaf mosaic virus_19.jpg,Tomato_leaf_mosaic_virus,plantdoc_classification
datasets\raw\plantdoc_classification\train\Corn_leaf_blight\train_Corn leaf blight_45.jpg,Corn_leaf_blight,plantdoc_classification
datasets\raw\plantdoc_classification\train\Tomato_leaf_bacterial_spot\train_Tomato leaf bacterial spot_60.jpg,Tomato_leaf_bacterial_spot,plantdoc_classification
datasets\raw\plantdoc_classification\train\Apple_Scab_Leaf\train_Apple Scab Leaf_43.jpg,Apple_Scab_Leaf,plantdoc_classification
datasets\raw\plantdoc_classification\train\Tomato_leaf_yellow_virus\train_Tomato leaf yellow virus_68_3.jpg,Tomato_leaf_yellow_virus,plantdoc_classification
datasets\raw\plantdoc_classification\train\Strawberry_leaf\train_Strawberry leaf_3.jpg,Strawberry_leaf,plantdoc_classification
datasets\raw\plantdoc_classification\train\Tomato_leaf_yellow_virus\train_Tomato leaf yellow virus_8_12.jpg,Tomato_leaf_yellow_virus,plantdoc_classification
datasets\raw\plantdoc_classification\train\Potato_leaf_early_blight\train_Potato leaf early blight_13_4.jpg,Potato_leaf_early_blight,plantdoc_classification
datasets\raw\plantdoc_classification\train\Raspberry_leaf\train_Raspberry leaf_112.jpg,Raspberry_leaf,plantdoc_classification
datasets\raw\plantdoc_classification\train\Blueberry_leaf\train_Blueberry leaf_105.jpg,Blueberry_leaf,plantdoc_classification
datasets\raw\plantdoc_classification\train\Bell_pepper_leaf\train_Bell_pepper leaf_3.jpg,Bell_pepper_leaf,plantdoc_classification
datasets\raw\plantdoc_classification\train\Tomato_leaf_yellow_virus\train_Tomato leaf yellow virus_8_7.jpg,Tomato_leaf_yellow_virus,plantdoc_classification
datasets\raw\plantdoc_classification\train\Corn_Gray_leaf_spot\train_Corn Gray leaf spot_31.jpg,Corn_Gray_leaf_spot,plantdoc_classification
datasets\raw\plantdoc_classification\train\Apple_Scab_Leaf\train_Apple Scab Leaf_79.jpg,Apple_Scab_Leaf,plantdoc_classification
datasets\raw\plantdoc_classification\train\Tomato_mold_leaf\train_Tomato mold leaf_66.jpg,Tomato_mold_leaf,plantdoc_classification
datasets\raw\plantdoc_classification\train\Tomato_Early_blight_leaf\train_Tomato Early blight leaf_33.jpg,Tomato_Early_blight_leaf,plantdoc_classification
datasets\raw\plantdoc_classification\train\Potato_leaf_late_blight\train_Potato leaf late blight_93_2.jpg,Potato_leaf_late_blight,plantdoc_classification
datasets\raw\plantdoc_classification\train\Tomato_leaf_bacterial_spot\train_Tomato leaf bacterial spot_34.jpg,Tomato_leaf_bacterial_spot,plantdoc_classification
datasets\raw\plantdoc_classification\train\Tomato_leaf_yellow_virus\train_Tomato leaf yellow virus_68_2.jpg,Tomato_leaf_yellow_virus,plantdoc_classification
datasets\raw\plantdoc_classification\train\Tomato_Septoria_leaf_spot\train_Tomato Septoria leaf spot_60.jpg,Tomato_Septoria_leaf_spot,plantdoc_classification
datasets\raw\plantdoc_classification\train\Potato_leaf_early_blight\train_Potato leaf early blight_88_2.jpg,Potato_leaf_early_blight,plantdoc_classification
datasets\raw\plantdoc_classification\train\grape_leaf\train_grape leaf_37.jpg,grape_leaf,plantdoc_classification
datasets\raw\plantdoc_classification\train\Apple_Scab_Leaf\train_Apple Scab Leaf_73.jpg,Apple_Scab_Leaf,plantdoc_classification
datasets\raw\plantdoc_classification\train\Tomato_leaf_late_blight\train_Tomato leaf late blight_21.jpg,Tomato_leaf_late_blight,plantdoc_classification
datasets\raw\plantdoc_classification\train\Potato_leaf_late_blight\train_Potato leaf late blight_44.jpg,Potato_leaf_late_blight,plantdoc_classification
datasets\raw\plantdoc_classification\train\Tomato_leaf\train_Tomato leaf_12.jpg,Tomato_leaf,plantdoc_classification
datasets\raw\plantdoc_classification\train\Tomato_Early_blight_leaf\train_Tomato Early blight leaf_20.jpg,Tomato_Early_blight_leaf,plantdoc_classification
datasets\raw\plantdoc_classification\train\Tomato_mold_leaf\train_Tomato mold leaf_69.jpg,Tomato_mold_leaf,plantdoc_classification
datasets\raw\plantdoc_classification\train\Tomato_leaf_yellow_virus\train_Tomato leaf yellow virus_35_8.jpg,Tomato_leaf_yellow_virus,plantdoc_classification
datasets\raw\plantdoc_classification\train\Potato_leaf_early_blight\train_Potato leaf early blight_95.jpg,Potato_leaf_early_blight,plantdoc_classification
datasets\raw\plantdoc_classification\train\Tomato_leaf_yellow_virus\train_Tomato leaf yellow virus_57_2.jpg,Tomato_leaf_yellow_virus,plantdoc_classification
datasets\raw\plantdoc_classification\train\Apple_Scab_Leaf\train_Apple Scab Leaf_18.jpg,Apple_Scab_Leaf,plantdoc_classification
datasets\raw\plantdoc_classification\train\Tomato_Early_blight_leaf\train_Tomato Early blight leaf_18.jpg,Tomato_Early_blight_leaf,plantdoc_classification
datasets\raw\plantdoc_classification\train\Cherry_leaf\train_Cherry leaf_37.jpg,Cherry_leaf,plantdoc_classification
datasets\raw\plantdoc_classification\train\Corn_Gray_leaf_spot\train_Corn Gray leaf spot_51.jpg,Corn_Gray_leaf_spot,plantdoc_classification
datasets\raw\plantdoc_classification\train\Corn_leaf_blight\train_Corn leaf blight_59.jpg,Corn_leaf_blight,plantdoc_classification
datasets\raw\plantdoc_classification\train\Tomato_Septoria_leaf_spot\train_Tomato Septoria leaf spot_112.jpg,Tomato_Septoria_leaf_spot,plantdoc_classification
datasets\raw\plantdoc_classification\train\Raspberry_leaf\train_Raspberry leaf_8.jpg,Raspberry_leaf,plantdoc_classification
datasets\raw\plantdoc_classification\train\Tomato_Septoria_leaf_spot\train_Tomato Septoria leaf spot_8.jpg,Tomato_Septoria_leaf_spot,plantdoc_classification
datasets\raw\plantdoc_classification\train\Tomato_leaf_bacterial_spot\train_Tomato leaf bacterial spot_64.jpg,Tomato_leaf_bacterial_spot,plantdoc_classification
datasets\raw\plantdoc_classification\train\Potato_leaf_late_blight\train_Potato leaf late blight_86.jpg,Potato_leaf_late_blight,plantdoc_classification
datasets\raw\plantdoc_classification\train\Squash_Powdery_mildew_leaf\train_Squash Powdery mildew leaf_99.jpg,Squash_Powdery_mildew_leaf,plantdoc_classification
datasets\raw\plantdoc_classification\train\Corn_Gray_leaf_spot\train_Corn Gray leaf spot_22.jpg,Corn_Gray_leaf_spot,plantdoc_classification
datasets\raw\plantdoc_classification\train\Tomato_leaf_bacterial_spot\train_Tomato leaf bacterial spot_27.jpg,Tomato_leaf_bacterial_spot,plantdoc_classification
datasets\raw\plantdoc_classification\train\Apple_leaf\train_Apple leaf_20.jpg,Apple_leaf,plantdoc_classification
datasets\raw\plantdoc_classification\train\Corn_leaf_blight\train_Corn leaf blight_124.jpg,Corn_leaf_blight,plantdoc_classification
datasets\raw\plantdoc_classification\train\Tomato_leaf_late_blight\train_Tomato leaf late blight_76.jpg,Tomato_leaf_late_blight,plantdoc_classification
datasets\raw\plantdoc_classification\train\Bell_pepper_leaf_spot\train_Bell_pepper leaf spot_58.jpg,Bell_pepper_leaf_spot,plantdoc_classification
